scene destruction/assets/scenes/fractured-downtown.json | structures 4 | chunks 86966 | bonds 267992
[destruction] CUDA stress solver active; configured iteration budget 32. Convergence depends on the current load and topology.
[resim-restore] scoped skip: checked=1 moved=1 (cumulative 1 / 1)
[resim-restore] scoped skip: checked=1 moved=1 (cumulative 2 / 2)
[resim-restore] scoped skip: checked=1 moved=1 (cumulative 3 / 3)
[resim-restore] scoped skip: checked=1 moved=1 (cumulative 4 / 4)
tick      0  bodies    108  awake      0  broken       0  solve 468.24 ms  | begin 0.94 solve 162.12 end 282.81 readback 4.54 events 3.14 filters 10.19 ccd 0.00 support 0.00 shape 4.50 => gap 0.00 ms  quiet 4  pairs 0
            topo 282.79 (frac 280.65 + valid 2.14)                   pts/pair 0.00  islands skipped 0/216 (0%)
            fracture: gen 1.72 prep 6.09 apply 3.37 scene 270.90 rebuild 0.00 valid 2.14 | rest -1.42
            physx step 294.02 ms avg over 1 ticks  (last: gpu_wait 13.11 fetch_copy 8.11, contacts hw 0)
[resim-restore] scoped skip: checked=27 moved=0 (cumulative 31 / 4)
[resim-restore] scoped skip: checked=27 moved=0 (cumulative 58 / 4)
[resim-restore] scoped skip: checked=27 moved=0 (cumulative 85 / 4)
[resim-restore] scoped skip: checked=27 moved=0 (cumulative 112 / 4)
[resim-restore] scoped skip: checked=30 moved=1 (cumulative 142 / 5)
[resim-restore] scoped skip: checked=27 moved=0 (cumulative 169 / 5)
[resim-restore] scoped skip: checked=27 moved=0 (cumulative 196 / 5)
[resim-restore] scoped skip: checked=27 moved=0 (cumulative 223 / 5)
[resim-restore] scoped skip: checked=30 moved=1 (cumulative 253 / 6)
[resim-restore] scoped skip: checked=27 moved=0 (cumulative 280 / 6)
[resim-restore] scoped skip: checked=27 moved=0 (cumulative 307 / 6)
[resim-restore] scoped skip: checked=27 moved=0 (cumulative 334 / 6)
[resim-restore] scoped skip: checked=30 moved=1 (cumulative 364 / 7)
[resim-restore] scoped skip: checked=27 moved=0 (cumulative 391 / 7)
[resim-restore] scoped skip: checked=27 moved=0 (cumulative 418 / 7)
[resim-restore] scoped skip: checked=27 moved=0 (cumulative 445 / 7)
[resim-restore] scoped skip: checked=30 moved=1 (cumulative 475 / 8)
[resim-restore] scoped skip: checked=27 moved=0 (cumulative 502 / 8)
[resim-restore] scoped skip: checked=27 moved=0 (cumulative 529 / 8)
[resim-restore] scoped skip: checked=27 moved=0 (cumulative 556 / 8)
[resim-restore] scoped skip: checked=30 moved=1 (cumulative 586 / 9)
[resim-restore] scoped skip: checked=27 moved=0 (cumulative 613 / 9)
[resim-restore] scoped skip: checked=27 moved=0 (cumulative 640 / 9)
[resim-restore] scoped skip: checked=27 moved=0 (cumulative 667 / 9)
[resim-restore] scoped skip: checked=30 moved=1 (cumulative 697 / 10)
[resim-restore] scoped skip: checked=27 moved=0 (cumulative 724 / 10)
[resim-restore] scoped skip: checked=27 moved=0 (cumulative 751 / 10)
[resim-restore] scoped skip: checked=27 moved=0 (cumulative 778 / 10)
[resim-restore] scoped skip: checked=30 moved=1 (cumulative 808 / 11)
[resim-restore] scoped skip: checked=27 moved=0 (cumulative 835 / 11)
[resim-restore] scoped skip: checked=27 moved=0 (cumulative 862 / 11)
[resim-restore] scoped skip: checked=27 moved=0 (cumulative 889 / 11)
[resim-restore] scoped skip: checked=31 moved=1 (cumulative 920 / 12)
[resim-restore] scoped skip: checked=27 moved=0 (cumulative 947 / 12)
[resim-restore] scoped skip: checked=27 moved=0 (cumulative 974 / 12)
[resim-restore] scoped skip: checked=27 moved=0 (cumulative 1001 / 12)
[resim-restore] scoped skip: checked=31 moved=1 (cumulative 1032 / 13)
[resim-restore] scoped skip: checked=27 moved=0 (cumulative 1059 / 13)
[resim-restore] scoped skip: checked=27 moved=0 (cumulative 1086 / 13)
[resim-restore] scoped skip: checked=27 moved=0 (cumulative 1113 / 13)
[resim-restore] scoped skip: checked=31 moved=1 (cumulative 1144 / 14)
[resim-restore] scoped skip: checked=27 moved=0 (cumulative 1171 / 14)
[resim-restore] scoped skip: checked=27 moved=0 (cumulative 1198 / 14)
[resim-restore] scoped skip: checked=27 moved=0 (cumulative 1225 / 14)
[resim-restore] scoped skip: checked=32 moved=1 (cumulative 1257 / 15)
[resim-restore] scoped skip: checked=27 moved=0 (cumulative 1284 / 15)
[resim-restore] scoped skip: checked=27 moved=0 (cumulative 1311 / 15)
[resim-restore] scoped skip: checked=27 moved=0 (cumulative 1338 / 15)
[resim-restore] scoped skip: checked=33 moved=0 (cumulative 1371 / 15)
[resim-restore] scoped skip: checked=27 moved=0 (cumulative 1398 / 15)
[resim-restore] scoped skip: checked=27 moved=0 (cumulative 1425 / 15)
[resim-restore] scoped skip: checked=27 moved=0 (cumulative 1452 / 15)
[resim-restore] scoped skip: checked=33 moved=1 (cumulative 1485 / 16)
[resim-restore] scoped skip: checked=27 moved=0 (cumulative 1512 / 16)
[resim-restore] scoped skip: checked=27 moved=0 (cumulative 1539 / 16)
[resim-restore] scoped skip: checked=27 moved=0 (cumulative 1566 / 16)
[resim-restore] scoped skip: checked=34 moved=1 (cumulative 1600 / 17)
[resim-restore] scoped skip: checked=27 moved=0 (cumulative 1627 / 17)
[resim-restore] scoped skip: checked=27 moved=0 (cumulative 1654 / 17)
[resim-restore] scoped skip: checked=27 moved=0 (cumulative 1681 / 17)
[resim-restore] scoped skip: checked=34 moved=1 (cumulative 1715 / 18)
[resim-restore] scoped skip: checked=27 moved=0 (cumulative 1742 / 18)
[resim-restore] scoped skip: checked=27 moved=0 (cumulative 1769 / 18)
[resim-restore] scoped skip: checked=27 moved=0 (cumulative 1796 / 18)
[resim-restore] scoped skip: checked=34 moved=0 (cumulative 1830 / 18)
[resim-restore] scoped skip: checked=27 moved=0 (cumulative 1857 / 18)
[resim-restore] scoped skip: checked=27 moved=0 (cumulative 1884 / 18)
[resim-restore] scoped skip: checked=27 moved=0 (cumulative 1911 / 18)
[resim-restore] scoped skip: checked=34 moved=1 (cumulative 1945 / 19)
[resim-restore] scoped skip: checked=27 moved=0 (cumulative 1972 / 19)
[resim-restore] scoped skip: checked=27 moved=0 (cumulative 1999 / 19)
[resim-restore] scoped skip: checked=27 moved=0 (cumulative 2026 / 19)
[resim-restore] scoped skip: checked=44 moved=0 (cumulative 2070 / 19)
[resim-restore] scoped skip: checked=27 moved=0 (cumulative 2097 / 19)
[resim-restore] scoped skip: checked=27 moved=0 (cumulative 2124 / 19)
[resim-restore] scoped skip: checked=27 moved=0 (cumulative 2151 / 19)
[resim-restore] scoped skip: checked=44 moved=1 (cumulative 2195 / 20)
[resim-restore] scoped skip: checked=27 moved=0 (cumulative 2222 / 20)
[resim-restore] scoped skip: checked=27 moved=0 (cumulative 2249 / 20)
[resim-restore] scoped skip: checked=27 moved=0 (cumulative 2276 / 20)
[resim-restore] scoped skip: checked=43 moved=1 (cumulative 2319 / 21)
[resim-restore] scoped skip: checked=27 moved=0 (cumulative 2346 / 21)
[resim-restore] scoped skip: checked=27 moved=0 (cumulative 2373 / 21)
[resim-restore] scoped skip: checked=27 moved=0 (cumulative 2400 / 21)
[resim-restore] scoped skip: checked=43 moved=1 (cumulative 2443 / 22)
[resim-restore] scoped skip: checked=27 moved=0 (cumulative 2470 / 22)
[resim-restore] scoped skip: checked=27 moved=0 (cumulative 2497 / 22)
[resim-restore] scoped skip: checked=27 moved=0 (cumulative 2524 / 22)
[resim-restore] scoped skip: checked=43 moved=1 (cumulative 2567 / 23)
[resim-restore] scoped skip: checked=27 moved=0 (cumulative 2594 / 23)
[resim-restore] scoped skip: checked=27 moved=0 (cumulative 2621 / 23)
[resim-restore] scoped skip: checked=27 moved=0 (cumulative 2648 / 23)
[resim-restore] scoped skip: checked=43 moved=0 (cumulative 2691 / 23)
[resim-restore] scoped skip: checked=27 moved=0 (cumulative 2718 / 23)
[resim-restore] scoped skip: checked=27 moved=0 (cumulative 2745 / 23)
[resim-restore] scoped skip: checked=27 moved=0 (cumulative 2772 / 23)
[resim-restore] scoped skip: checked=43 moved=1 (cumulative 2815 / 24)
[resim-restore] scoped skip: checked=27 moved=0 (cumulative 2842 / 24)
[resim-restore] scoped skip: checked=27 moved=0 (cumulative 2869 / 24)
[resim-restore] scoped skip: checked=27 moved=0 (cumulative 2896 / 24)
[resim-restore] scoped skip: checked=43 moved=1 (cumulative 2939 / 25)
[resim-restore] scoped skip: checked=27 moved=0 (cumulative 2966 / 25)
[resim-restore] scoped skip: checked=27 moved=0 (cumulative 2993 / 25)
[resim-restore] scoped skip: checked=27 moved=0 (cumulative 3020 / 25)
[resim-restore] scoped skip: checked=43 moved=0 (cumulative 3063 / 25)
[resim-restore] scoped skip: checked=27 moved=0 (cumulative 3090 / 25)
[resim-restore] scoped skip: checked=27 moved=0 (cumulative 3117 / 25)
[resim-restore] scoped skip: checked=27 moved=0 (cumulative 3144 / 25)
[resim-restore] scoped skip: checked=43 moved=0 (cumulative 3187 / 25)
[resim-restore] scoped skip: checked=27 moved=0 (cumulative 3214 / 25)
[resim-restore] scoped skip: checked=27 moved=0 (cumulative 3241 / 25)
[resim-restore] scoped skip: checked=27 moved=0 (cumulative 3268 / 25)
[resim-restore] scoped skip: checked=43 moved=1 (cumulative 3311 / 26)
[resim-restore] scoped skip: checked=27 moved=0 (cumulative 3338 / 26)
[resim-restore] scoped skip: checked=27 moved=0 (cumulative 3365 / 26)
[resim-restore] scoped skip: checked=27 moved=0 (cumulative 3392 / 26)
[resim-restore] scoped skip: checked=43 moved=1 (cumulative 3435 / 27)
[resim-restore] scoped skip: checked=27 moved=0 (cumulative 3462 / 27)
[resim-restore] scoped skip: checked=27 moved=0 (cumulative 3489 / 27)
[resim-restore] scoped skip: checked=27 moved=0 (cumulative 3516 / 27)
[resim-restore] scoped skip: checked=43 moved=1 (cumulative 3559 / 28)
[resim-restore] scoped skip: checked=27 moved=0 (cumulative 3586 / 28)
[resim-restore] scoped skip: checked=27 moved=0 (cumulative 3613 / 28)
[resim-restore] scoped skip: checked=27 moved=0 (cumulative 3640 / 28)
[resim-restore] scoped skip: checked=43 moved=1 (cumulative 3683 / 29)
[resim-restore] scoped skip: checked=27 moved=0 (cumulative 3710 / 29)
[resim-restore] scoped skip: checked=27 moved=0 (cumulative 3737 / 29)
[resim-restore] scoped skip: checked=27 moved=0 (cumulative 3764 / 29)
[resim-restore] scoped skip: checked=43 moved=1 (cumulative 3807 / 30)
[resim-restore] scoped skip: checked=27 moved=0 (cumulative 3834 / 30)
[resim-restore] scoped skip: checked=27 moved=0 (cumulative 3861 / 30)
[resim-restore] scoped skip: checked=27 moved=0 (cumulative 3888 / 30)
[resim-restore] scoped skip: checked=43 moved=1 (cumulative 3931 / 31)
[resim-restore] scoped skip: checked=27 moved=0 (cumulative 3958 / 31)
[resim-restore] scoped skip: checked=27 moved=0 (cumulative 3985 / 31)
[resim-restore] scoped skip: checked=27 moved=0 (cumulative 4012 / 31)
[resim-restore] scoped skip: checked=47 moved=1 (cumulative 4059 / 32)
[resim-restore] scoped skip: checked=27 moved=0 (cumulative 4086 / 32)
[resim-restore] scoped skip: checked=27 moved=0 (cumulative 4113 / 32)
[resim-restore] scoped skip: checked=27 moved=0 (cumulative 4140 / 32)
[resim-restore] scoped skip: checked=47 moved=1 (cumulative 4187 / 33)
[resim-restore] scoped skip: checked=27 moved=0 (cumulative 4214 / 33)
[resim-restore] scoped skip: checked=27 moved=0 (cumulative 4241 / 33)
[resim-restore] scoped skip: checked=27 moved=0 (cumulative 4268 / 33)
[resim-restore] scoped skip: checked=47 moved=1 (cumulative 4315 / 34)
[resim-restore] scoped skip: checked=27 moved=0 (cumulative 4342 / 34)
[resim-restore] scoped skip: checked=27 moved=0 (cumulative 4369 / 34)
[resim-restore] scoped skip: checked=27 moved=0 (cumulative 4396 / 34)
[resim-restore] scoped skip: checked=47 moved=0 (cumulative 4443 / 34)
[resim-restore] scoped skip: checked=27 moved=0 (cumulative 4470 / 34)
[resim-restore] scoped skip: checked=27 moved=0 (cumulative 4497 / 34)
[resim-restore] scoped skip: checked=27 moved=0 (cumulative 4524 / 34)
[resim-restore] scoped skip: checked=47 moved=0 (cumulative 4571 / 34)
[resim-restore] scoped skip: checked=27 moved=0 (cumulative 4598 / 34)
[resim-restore] scoped skip: checked=27 moved=0 (cumulative 4625 / 34)
[resim-restore] scoped skip: checked=27 moved=0 (cumulative 4652 / 34)
[resim-restore] scoped skip: checked=47 moved=1 (cumulative 4699 / 35)
[resim-restore] scoped skip: checked=27 moved=0 (cumulative 4726 / 35)
[resim-restore] scoped skip: checked=27 moved=0 (cumulative 4753 / 35)
[resim-restore] scoped skip: checked=27 moved=0 (cumulative 4780 / 35)
[resim-restore] scoped skip: checked=47 moved=0 (cumulative 4827 / 35)
[resim-restore] scoped skip: checked=27 moved=0 (cumulative 4854 / 35)
[resim-restore] scoped skip: checked=27 moved=0 (cumulative 4881 / 35)
[resim-restore] scoped skip: checked=27 moved=0 (cumulative 4908 / 35)
[resim-restore] scoped skip: checked=47 moved=1 (cumulative 4955 / 36)
[resim-restore] scoped skip: checked=27 moved=0 (cumulative 4982 / 36)
[resim-restore] scoped skip: checked=27 moved=0 (cumulative 5009 / 36)
[resim-restore] scoped skip: checked=27 moved=0 (cumulative 5036 / 36)
[resim-restore] scoped skip: checked=47 moved=1 (cumulative 5083 / 37)
[resim-restore] scoped skip: checked=27 moved=0 (cumulative 5110 / 37)
[resim-restore] scoped skip: checked=27 moved=0 (cumulative 5137 / 37)
[resim-restore] scoped skip: checked=27 moved=0 (cumulative 5164 / 37)
[resim-restore] scoped skip: checked=48 moved=0 (cumulative 5212 / 37)
[resim-restore] scoped skip: checked=27 moved=0 (cumulative 5239 / 37)
[resim-restore] scoped skip: checked=27 moved=0 (cumulative 5266 / 37)
[resim-restore] scoped skip: checked=27 moved=0 (cumulative 5293 / 37)
[resim-restore] scoped skip: checked=48 moved=1 (cumulative 5341 / 38)
[resim-restore] scoped skip: checked=27 moved=0 (cumulative 5368 / 38)
[resim-restore] scoped skip: checked=27 moved=0 (cumulative 5395 / 38)
[resim-restore] scoped skip: checked=27 moved=0 (cumulative 5422 / 38)
[resim-restore] scoped skip: checked=48 moved=1 (cumulative 5470 / 39)
[resim-restore] scoped skip: checked=27 moved=0 (cumulative 5497 / 39)
[resim-restore] scoped skip: checked=27 moved=0 (cumulative 5524 / 39)
[resim-restore] scoped skip: checked=27 moved=0 (cumulative 5551 / 39)
[resim-restore] scoped skip: checked=48 moved=1 (cumulative 5599 / 40)
[resim-restore] scoped skip: checked=27 moved=0 (cumulative 5626 / 40)
[resim-restore] scoped skip: checked=27 moved=0 (cumulative 5653 / 40)
[resim-restore] scoped skip: checked=27 moved=0 (cumulative 5680 / 40)
[resim-restore] scoped skip: checked=48 moved=1 (cumulative 5728 / 41)
[resim-restore] scoped skip: checked=27 moved=0 (cumulative 5755 / 41)
[resim-restore] scoped skip: checked=27 moved=0 (cumulative 5782 / 41)
[resim-restore] scoped skip: checked=27 moved=0 (cumulative 5809 / 41)
[resim-restore] scoped skip: checked=48 moved=1 (cumulative 5857 / 42)
[resim-restore] scoped skip: checked=27 moved=0 (cumulative 5884 / 42)
[resim-restore] scoped skip: checked=27 moved=0 (cumulative 5911 / 42)
[resim-restore] scoped skip: checked=27 moved=0 (cumulative 5938 / 42)
[resim-restore] scoped skip: checked=48 moved=1 (cumulative 5986 / 43)
[resim-restore] scoped skip: checked=27 moved=0 (cumulative 6013 / 43)
[resim-restore] scoped skip: checked=27 moved=0 (cumulative 6040 / 43)
[resim-restore] scoped skip: checked=27 moved=0 (cumulative 6067 / 43)
[resim-restore] scoped skip: checked=49 moved=1 (cumulative 6116 / 44)
[resim-restore] scoped skip: checked=27 moved=0 (cumulative 6143 / 44)
[resim-restore] scoped skip: checked=27 moved=0 (cumulative 6170 / 44)
[resim-restore] scoped skip: checked=27 moved=0 (cumulative 6197 / 44)
[resim-restore] scoped skip: checked=49 moved=2 (cumulative 6246 / 46)
[resim-restore] scoped skip: checked=27 moved=0 (cumulative 6273 / 46)
[resim-restore] scoped skip: checked=27 moved=0 (cumulative 6300 / 46)
[resim-restore] scoped skip: checked=27 moved=0 (cumulative 6327 / 46)
[resim-restore] scoped skip: checked=49 moved=1 (cumulative 6376 / 47)
[resim-restore] scoped skip: checked=27 moved=0 (cumulative 6403 / 47)
[resim-restore] scoped skip: checked=27 moved=0 (cumulative 6430 / 47)
[resim-restore] scoped skip: checked=27 moved=0 (cumulative 6457 / 47)
[resim-restore] scoped skip: checked=50 moved=2 (cumulative 6507 / 49)
[resim-restore] scoped skip: checked=27 moved=0 (cumulative 6534 / 49)
[resim-restore] scoped skip: checked=27 moved=0 (cumulative 6561 / 49)
[resim-restore] scoped skip: checked=27 moved=0 (cumulative 6588 / 49)
[resim-restore] scoped skip: checked=50 moved=1 (cumulative 6638 / 50)
[resim-restore] scoped skip: checked=27 moved=0 (cumulative 6665 / 50)
[resim-restore] scoped skip: checked=27 moved=0 (cumulative 6692 / 50)
[resim-restore] scoped skip: checked=27 moved=0 (cumulative 6719 / 50)
[resim-restore] scoped skip: checked=50 moved=2 (cumulative 6769 / 52)
[resim-restore] scoped skip: checked=27 moved=0 (cumulative 6796 / 52)
[resim-restore] scoped skip: checked=27 moved=0 (cumulative 6823 / 52)
[resim-restore] scoped skip: checked=27 moved=0 (cumulative 6850 / 52)
[resim-restore] scoped skip: checked=50 moved=1 (cumulative 6900 / 53)
[resim-restore] scoped skip: checked=27 moved=0 (cumulative 6927 / 53)
[resim-restore] scoped skip: checked=27 moved=0 (cumulative 6954 / 53)
[resim-restore] scoped skip: checked=27 moved=0 (cumulative 6981 / 53)
[resim-restore] scoped skip: checked=50 moved=2 (cumulative 7031 / 55)
[resim-restore] scoped skip: checked=27 moved=0 (cumulative 7058 / 55)
[resim-restore] scoped skip: checked=27 moved=0 (cumulative 7085 / 55)
[resim-restore] scoped skip: checked=27 moved=0 (cumulative 7112 / 55)
[resim-restore] scoped skip: checked=49 moved=2 (cumulative 7161 / 57)
[resim-restore] scoped skip: checked=27 moved=0 (cumulative 7188 / 57)
[resim-restore] scoped skip: checked=27 moved=0 (cumulative 7215 / 57)
[resim-restore] scoped skip: checked=27 moved=0 (cumulative 7242 / 57)
[resim-restore] scoped skip: checked=49 moved=2 (cumulative 7291 / 59)
[resim-restore] scoped skip: checked=27 moved=0 (cumulative 7318 / 59)
[resim-restore] scoped skip: checked=27 moved=0 (cumulative 7345 / 59)
[resim-restore] scoped skip: checked=27 moved=0 (cumulative 7372 / 59)
[resim-restore] scoped skip: checked=50 moved=2 (cumulative 7422 / 61)
[resim-restore] scoped skip: checked=27 moved=0 (cumulative 7449 / 61)
[resim-restore] scoped skip: checked=27 moved=0 (cumulative 7476 / 61)
[resim-restore] scoped skip: checked=27 moved=0 (cumulative 7503 / 61)
[resim-restore] scoped skip: checked=48 moved=2 (cumulative 7551 / 63)
[resim-restore] scoped skip: checked=27 moved=0 (cumulative 7578 / 63)
[resim-restore] scoped skip: checked=27 moved=0 (cumulative 7605 / 63)
[resim-restore] scoped skip: checked=27 moved=0 (cumulative 7632 / 63)
[resim-restore] scoped skip: checked=48 moved=2 (cumulative 7680 / 65)
[resim-restore] scoped skip: checked=27 moved=0 (cumulative 7707 / 65)
[resim-restore] scoped skip: checked=27 moved=0 (cumulative 7734 / 65)
[resim-restore] scoped skip: checked=27 moved=0 (cumulative 7761 / 65)
[resim-restore] scoped skip: checked=48 moved=2 (cumulative 7809 / 67)
[resim-restore] scoped skip: checked=27 moved=0 (cumulative 7836 / 67)
[resim-restore] scoped skip: checked=27 moved=0 (cumulative 7863 / 67)
[resim-restore] scoped skip: checked=27 moved=0 (cumulative 7890 / 67)
[resim-restore] scoped skip: checked=49 moved=2 (cumulative 7939 / 69)
[resim-restore] scoped skip: checked=27 moved=0 (cumulative 7966 / 69)
[resim-restore] scoped skip: checked=27 moved=0 (cumulative 7993 / 69)
[resim-restore] scoped skip: checked=27 moved=0 (cumulative 8020 / 69)
[resim-restore] scoped skip: checked=49 moved=2 (cumulative 8069 / 71)
[resim-restore] scoped skip: checked=27 moved=0 (cumulative 8096 / 71)
[resim-restore] scoped skip: checked=27 moved=0 (cumulative 8123 / 71)
[resim-restore] scoped skip: checked=27 moved=0 (cumulative 8150 / 71)
[resim-restore] scoped skip: checked=48 moved=1 (cumulative 8198 / 72)
[resim-restore] scoped skip: checked=27 moved=0 (cumulative 8225 / 72)
[resim-restore] scoped skip: checked=27 moved=0 (cumulative 8252 / 72)
[resim-restore] scoped skip: checked=27 moved=0 (cumulative 8279 / 72)
[resim-restore] scoped skip: checked=48 moved=0 (cumulative 8327 / 72)
[resim-restore] scoped skip: checked=27 moved=0 (cumulative 8354 / 72)
[resim-restore] scoped skip: checked=27 moved=0 (cumulative 8381 / 72)
[resim-restore] scoped skip: checked=27 moved=0 (cumulative 8408 / 72)
[resim-restore] scoped skip: checked=48 moved=1 (cumulative 8456 / 73)
[resim-restore] scoped skip: checked=27 moved=0 (cumulative 8483 / 73)
[resim-restore] scoped skip: checked=27 moved=0 (cumulative 8510 / 73)
[resim-restore] scoped skip: checked=27 moved=0 (cumulative 8537 / 73)
[resim-restore] scoped skip: checked=48 moved=1 (cumulative 8585 / 74)
[resim-restore] scoped skip: checked=27 moved=0 (cumulative 8612 / 74)
[resim-restore] scoped skip: checked=27 moved=0 (cumulative 8639 / 74)
[resim-restore] scoped skip: checked=27 moved=0 (cumulative 8666 / 74)
[resim-restore] scoped skip: checked=49 moved=1 (cumulative 8715 / 75)
[resim-restore] scoped skip: checked=27 moved=0 (cumulative 8742 / 75)
[resim-restore] scoped skip: checked=27 moved=0 (cumulative 8769 / 75)
[resim-restore] scoped skip: checked=27 moved=0 (cumulative 8796 / 75)
[resim-restore] scoped skip: checked=49 moved=1 (cumulative 8845 / 76)
[resim-restore] scoped skip: checked=27 moved=0 (cumulative 8872 / 76)
[resim-restore] scoped skip: checked=27 moved=0 (cumulative 8899 / 76)
[resim-restore] scoped skip: checked=27 moved=0 (cumulative 8926 / 76)
[resim-restore] scoped skip: checked=49 moved=1 (cumulative 8975 / 77)
[resim-restore] scoped skip: checked=27 moved=0 (cumulative 9002 / 77)
[resim-restore] scoped skip: checked=27 moved=0 (cumulative 9029 / 77)
[resim-restore] scoped skip: checked=27 moved=0 (cumulative 9056 / 77)
[resim-restore] scoped skip: checked=48 moved=1 (cumulative 9104 / 78)
[resim-restore] scoped skip: checked=27 moved=0 (cumulative 9131 / 78)
[resim-restore] scoped skip: checked=27 moved=0 (cumulative 9158 / 78)
[resim-restore] scoped skip: checked=27 moved=0 (cumulative 9185 / 78)
[bs-phase] calls=300 per-call ms: upload 0.121 kernel 0.052 readback 0.035 | prep 0.085 enqueue 0.087 sync 0.044 | host total 0.231 | skipped 0 of 300 | up 0.31 MB down 0.03 MB | PROBE empty 0.000 nullkernel1 0.000 nullkernel2 0.000 copy4B 0.000
[bond-stress-gpu] ticks=600 attempts=300 ranOnDevice=300 checks=5070749 MISMATCHES=0 (count=0 removeSize=0 removeOrder=0 mask=0) firstBadTick=0 lastBadTick=0 refuse(noSolver=0 stale=0 pendingTopo=0 csr=0) STRESS_MISMATCH=0/30709536 big=0 maxRel=0.000e+00 BEND_MISMATCH=0 bendMaxRel=0.000e+00 OVERSET_MISMATCH=0/15354768 compactHits=0 misses=0 IMPULSE=0/15355075 impMaxRel=0.000e+00 PAYLOAD(n=15355075 node=0 normal=0 disp=0 centroid=0)
[bs-phase] calls=300 per-call ms: upload 0.152 kernel 0.051 readback 0.042 | prep 0.124 enqueue 0.083 sync 0.048 | host total 0.274 | skipped 0 of 300 | up 0.42 MB down 0.03 MB | PROBE empty 0.000 nullkernel1 0.000 nullkernel2 0.000 copy4B 0.000
[bond-stress-gpu] ticks=600 attempts=300 ranOnDevice=300 checks=6519104 MISMATCHES=0 (count=0 removeSize=0 removeOrder=0 mask=0) firstBadTick=0 lastBadTick=0 refuse(noSolver=0 stale=0 pendingTopo=0 csr=0) STRESS_MISMATCH=0/40072426 big=0 maxRel=0.000e+00 BEND_MISMATCH=0 bendMaxRel=0.000e+00 OVERSET_MISMATCH=0/20036213 compactHits=0 misses=0 IMPULSE=0/20036519 impMaxRel=0.000e+00 PAYLOAD(n=20036519 node=0 normal=0 disp=0 centroid=0)
[bs-phase] calls=300 per-call ms: upload 0.169 kernel 0.050 readback 0.044 | prep 0.143 enqueue 0.081 sync 0.053 | host total 0.294 | skipped 0 of 300 | up 0.47 MB down 0.03 MB | PROBE empty 0.000 nullkernel1 0.000 nullkernel2 0.000 copy4B 0.000
[bond-stress-gpu] ticks=600 attempts=300 ranOnDevice=300 checks=7208316 MISMATCHES=0 (count=0 removeSize=0 removeOrder=0 mask=0) firstBadTick=0 lastBadTick=0 refuse(noSolver=0 stale=0 pendingTopo=0 csr=0) STRESS_MISMATCH=0/44411188 big=0 maxRel=0.000e+00 BEND_MISMATCH=0 bendMaxRel=0.000e+00 OVERSET_MISMATCH=0/22205594 compactHits=0 misses=0 IMPULSE=0/22205917 impMaxRel=0.000e+00 PAYLOAD(n=22205917 node=0 normal=0 disp=0 centroid=0)
[bs-phase] calls=300 per-call ms: upload 0.243 kernel 0.195 readback 0.030 | prep 0.235 enqueue 0.227 sync 0.015 | host total 0.489 | skipped 0 of 300 | up 0.69 MB down 0.04 MB | PROBE empty 0.000 nullkernel1 0.000 nullkernel2 0.000 copy4B 0.000
[bond-stress-gpu] ticks=600 attempts=300 ranOnDevice=300 checks=7208262 MISMATCHES=0 (count=0 removeSize=0 removeOrder=0 mask=0) firstBadTick=0 lastBadTick=0 refuse(noSolver=0 stale=0 pendingTopo=0 csr=0) STRESS_MISMATCH=0/43155482 big=0 maxRel=0.000e+00 BEND_MISMATCH=0 bendMaxRel=0.000e+00 OVERSET_MISMATCH=0/21577741 compactHits=0 misses=0 IMPULSE=0/21578010 impMaxRel=0.000e+00 PAYLOAD(n=21578010 node=0 normal=0 disp=0 centroid=0)
[resim-restore] scoped skip: checked=48 moved=1 (cumulative 9233 / 79)
[resim-restore] scoped skip: checked=27 moved=0 (cumulative 9260 / 79)
[resim-restore] scoped skip: checked=27 moved=0 (cumulative 9287 / 79)
[resim-restore] scoped skip: checked=27 moved=0 (cumulative 9314 / 79)
[resim-restore] scoped skip: checked=48 moved=1 (cumulative 9362 / 80)
[resim-restore] scoped skip: checked=27 moved=0 (cumulative 9389 / 80)
[resim-restore] scoped skip: checked=27 moved=0 (cumulative 9416 / 80)
[resim-restore] scoped skip: checked=27 moved=0 (cumulative 9443 / 80)
[resim-restore] scoped skip: checked=48 moved=1 (cumulative 9491 / 81)
[resim-restore] scoped skip: checked=27 moved=0 (cumulative 9518 / 81)
[resim-restore] scoped skip: checked=27 moved=0 (cumulative 9545 / 81)
[resim-restore] scoped skip: checked=27 moved=0 (cumulative 9572 / 81)
[resim-restore] scoped skip: checked=48 moved=1 (cumulative 9620 / 82)
[resim-restore] scoped skip: checked=27 moved=0 (cumulative 9647 / 82)
[resim-restore] scoped skip: checked=27 moved=0 (cumulative 9674 / 82)
[resim-restore] scoped skip: checked=27 moved=0 (cumulative 9701 / 82)
[resim-restore] scoped skip: checked=48 moved=1 (cumulative 9749 / 83)
[resim-restore] scoped skip: checked=27 moved=0 (cumulative 9776 / 83)
[resim-restore] scoped skip: checked=27 moved=0 (cumulative 9803 / 83)
[resim-restore] scoped skip: checked=27 moved=0 (cumulative 9830 / 83)
[resim-restore] scoped skip: checked=48 moved=1 (cumulative 9878 / 84)
[resim-restore] scoped skip: checked=27 moved=0 (cumulative 9905 / 84)
[resim-restore] scoped skip: checked=27 moved=0 (cumulative 9932 / 84)
[resim-restore] scoped skip: checked=27 moved=0 (cumulative 9959 / 84)
[resim-restore] scoped skip: checked=48 moved=1 (cumulative 10007 / 85)
[resim-restore] scoped skip: checked=27 moved=0 (cumulative 10034 / 85)
[resim-restore] scoped skip: checked=27 moved=0 (cumulative 10061 / 85)
[resim-restore] scoped skip: checked=27 moved=0 (cumulative 10088 / 85)
[resim-restore] scoped skip: checked=48 moved=1 (cumulative 10136 / 86)
[resim-restore] scoped skip: checked=27 moved=0 (cumulative 10163 / 86)
[resim-restore] scoped skip: checked=27 moved=0 (cumulative 10190 / 86)
[resim-restore] scoped skip: checked=27 moved=0 (cumulative 10217 / 86)
[resim-restore] scoped skip: checked=48 moved=1 (cumulative 10265 / 87)
[resim-restore] scoped skip: checked=27 moved=0 (cumulative 10292 / 87)
[resim-restore] scoped skip: checked=27 moved=0 (cumulative 10319 / 87)
[resim-restore] scoped skip: checked=27 moved=0 (cumulative 10346 / 87)
[resim-restore] scoped skip: checked=48 moved=1 (cumulative 10394 / 88)
[resim-restore] scoped skip: checked=27 moved=0 (cumulative 10421 / 88)
[resim-restore] scoped skip: checked=27 moved=0 (cumulative 10448 / 88)
[resim-restore] scoped skip: checked=27 moved=0 (cumulative 10475 / 88)
[resim-restore] scoped skip: checked=48 moved=1 (cumulative 10523 / 89)
[resim-restore] scoped skip: checked=27 moved=0 (cumulative 10550 / 89)
[resim-restore] scoped skip: checked=27 moved=0 (cumulative 10577 / 89)
[resim-restore] scoped skip: checked=27 moved=0 (cumulative 10604 / 89)
[resim-restore] scoped skip: checked=48 moved=1 (cumulative 10652 / 90)
[resim-restore] scoped skip: checked=27 moved=0 (cumulative 10679 / 90)
[resim-restore] scoped skip: checked=27 moved=0 (cumulative 10706 / 90)
[resim-restore] scoped skip: checked=27 moved=0 (cumulative 10733 / 90)
[resim-restore] scoped skip: checked=50 moved=1 (cumulative 10783 / 91)
[resim-restore] scoped skip: checked=27 moved=0 (cumulative 10810 / 91)
[resim-restore] scoped skip: checked=27 moved=0 (cumulative 10837 / 91)
[resim-restore] scoped skip: checked=27 moved=0 (cumulative 10864 / 91)
[resim-restore] scoped skip: checked=50 moved=1 (cumulative 10914 / 92)
[resim-restore] scoped skip: checked=27 moved=0 (cumulative 10941 / 92)
[resim-restore] scoped skip: checked=27 moved=0 (cumulative 10968 / 92)
[resim-restore] scoped skip: checked=27 moved=0 (cumulative 10995 / 92)
[resim-restore] scoped skip: checked=51 moved=1 (cumulative 11046 / 93)
[resim-restore] scoped skip: checked=27 moved=0 (cumulative 11073 / 93)
[resim-restore] scoped skip: checked=27 moved=0 (cumulative 11100 / 93)
[resim-restore] scoped skip: checked=27 moved=0 (cumulative 11127 / 93)
[resim-restore] scoped skip: checked=51 moved=1 (cumulative 11178 / 94)
[resim-restore] scoped skip: checked=27 moved=0 (cumulative 11205 / 94)
[resim-restore] scoped skip: checked=27 moved=0 (cumulative 11232 / 94)
[resim-restore] scoped skip: checked=27 moved=0 (cumulative 11259 / 94)
[resim-restore] scoped skip: checked=51 moved=1 (cumulative 11310 / 95)
[resim-restore] scoped skip: checked=27 moved=0 (cumulative 11337 / 95)
[resim-restore] scoped skip: checked=27 moved=0 (cumulative 11364 / 95)
[resim-restore] scoped skip: checked=27 moved=0 (cumulative 11391 / 95)
[resim-restore] scoped skip: checked=51 moved=1 (cumulative 11442 / 96)
[resim-restore] scoped skip: checked=27 moved=0 (cumulative 11469 / 96)
[resim-restore] scoped skip: checked=27 moved=0 (cumulative 11496 / 96)
[resim-restore] scoped skip: checked=27 moved=0 (cumulative 11523 / 96)
[resim-restore] scoped skip: checked=51 moved=1 (cumulative 11574 / 97)
[resim-restore] scoped skip: checked=27 moved=0 (cumulative 11601 / 97)
[resim-restore] scoped skip: checked=27 moved=0 (cumulative 11628 / 97)
[resim-restore] scoped skip: checked=27 moved=0 (cumulative 11655 / 97)
[resim-restore] scoped skip: checked=51 moved=1 (cumulative 11706 / 98)
[resim-restore] scoped skip: checked=27 moved=0 (cumulative 11733 / 98)
[resim-restore] scoped skip: checked=27 moved=0 (cumulative 11760 / 98)
[resim-restore] scoped skip: checked=27 moved=0 (cumulative 11787 / 98)
[resim-restore] scoped skip: checked=51 moved=1 (cumulative 11838 / 99)
[resim-restore] scoped skip: checked=27 moved=0 (cumulative 11865 / 99)
[resim-restore] scoped skip: checked=27 moved=0 (cumulative 11892 / 99)
[resim-restore] scoped skip: checked=27 moved=0 (cumulative 11919 / 99)
[resim-restore] scoped skip: checked=51 moved=1 (cumulative 11970 / 100)
[resim-restore] scoped skip: checked=27 moved=0 (cumulative 11997 / 100)
[resim-restore] scoped skip: checked=27 moved=0 (cumulative 12024 / 100)
[resim-restore] scoped skip: checked=27 moved=0 (cumulative 12051 / 100)
[resim-restore] scoped skip: checked=51 moved=1 (cumulative 12102 / 101)
[resim-restore] scoped skip: checked=27 moved=0 (cumulative 12129 / 101)
[resim-restore] scoped skip: checked=27 moved=0 (cumulative 12156 / 101)
[resim-restore] scoped skip: checked=27 moved=0 (cumulative 12183 / 101)
[resim-restore] scoped skip: checked=51 moved=1 (cumulative 12234 / 102)
[resim-restore] scoped skip: checked=27 moved=0 (cumulative 12261 / 102)
[resim-restore] scoped skip: checked=27 moved=0 (cumulative 12288 / 102)
[resim-restore] scoped skip: checked=27 moved=0 (cumulative 12315 / 102)
[resim-restore] scoped skip: checked=51 moved=1 (cumulative 12366 / 103)
[resim-restore] scoped skip: checked=27 moved=0 (cumulative 12393 / 103)
[resim-restore] scoped skip: checked=27 moved=0 (cumulative 12420 / 103)
[resim-restore] scoped skip: checked=27 moved=0 (cumulative 12447 / 103)
[resim-restore] scoped skip: checked=51 moved=1 (cumulative 12498 / 104)
[resim-restore] scoped skip: checked=27 moved=0 (cumulative 12525 / 104)
[resim-restore] scoped skip: checked=27 moved=0 (cumulative 12552 / 104)
[resim-restore] scoped skip: checked=27 moved=0 (cumulative 12579 / 104)
[resim-restore] scoped skip: checked=51 moved=1 (cumulative 12630 / 105)
[resim-restore] scoped skip: checked=27 moved=0 (cumulative 12657 / 105)
[resim-restore] scoped skip: checked=27 moved=0 (cumulative 12684 / 105)
[resim-restore] scoped skip: checked=27 moved=0 (cumulative 12711 / 105)
[resim-restore] scoped skip: checked=51 moved=0 (cumulative 12762 / 105)
[resim-restore] scoped skip: checked=27 moved=0 (cumulative 12789 / 105)
[resim-restore] scoped skip: checked=27 moved=0 (cumulative 12816 / 105)
[resim-restore] scoped skip: checked=27 moved=0 (cumulative 12843 / 105)
[resim-restore] scoped skip: checked=51 moved=0 (cumulative 12894 / 105)
[resim-restore] scoped skip: checked=27 moved=0 (cumulative 12921 / 105)
[resim-restore] scoped skip: checked=27 moved=0 (cumulative 12948 / 105)
[resim-restore] scoped skip: checked=27 moved=0 (cumulative 12975 / 105)
[resim-restore] scoped skip: checked=51 moved=1 (cumulative 13026 / 106)
[resim-restore] scoped skip: checked=27 moved=0 (cumulative 13053 / 106)
[resim-restore] scoped skip: checked=27 moved=0 (cumulative 13080 / 106)
[resim-restore] scoped skip: checked=27 moved=0 (cumulative 13107 / 106)
[resim-restore] scoped skip: checked=51 moved=1 (cumulative 13158 / 107)
[resim-restore] scoped skip: checked=27 moved=0 (cumulative 13185 / 107)
[resim-restore] scoped skip: checked=27 moved=0 (cumulative 13212 / 107)
[resim-restore] scoped skip: checked=27 moved=0 (cumulative 13239 / 107)
[resim-restore] scoped skip: checked=51 moved=1 (cumulative 13290 / 108)
[resim-restore] scoped skip: checked=27 moved=0 (cumulative 13317 / 108)
[resim-restore] scoped skip: checked=27 moved=0 (cumulative 13344 / 108)
[resim-restore] scoped skip: checked=27 moved=0 (cumulative 13371 / 108)
[resim-restore] scoped skip: checked=51 moved=1 (cumulative 13422 / 109)
[resim-restore] scoped skip: checked=27 moved=0 (cumulative 13449 / 109)
[resim-restore] scoped skip: checked=27 moved=0 (cumulative 13476 / 109)
[resim-restore] scoped skip: checked=27 moved=0 (cumulative 13503 / 109)
[resim-restore] scoped skip: checked=51 moved=1 (cumulative 13554 / 110)
[resim-restore] scoped skip: checked=27 moved=0 (cumulative 13581 / 110)
[resim-restore] scoped skip: checked=27 moved=0 (cumulative 13608 / 110)
[resim-restore] scoped skip: checked=27 moved=0 (cumulative 13635 / 110)
[resim-restore] scoped skip: checked=51 moved=1 (cumulative 13686 / 111)
[resim-restore] scoped skip: checked=27 moved=0 (cumulative 13713 / 111)
[resim-restore] scoped skip: checked=27 moved=0 (cumulative 13740 / 111)
[resim-restore] scoped skip: checked=27 moved=0 (cumulative 13767 / 111)
[resim-restore] scoped skip: checked=51 moved=1 (cumulative 13818 / 112)
[resim-restore] scoped skip: checked=27 moved=0 (cumulative 13845 / 112)
[resim-restore] scoped skip: checked=27 moved=0 (cumulative 13872 / 112)
[resim-restore] scoped skip: checked=27 moved=0 (cumulative 13899 / 112)
[resim-restore] scoped skip: checked=51 moved=1 (cumulative 13950 / 113)
[resim-restore] scoped skip: checked=27 moved=0 (cumulative 13977 / 113)
[resim-restore] scoped skip: checked=27 moved=0 (cumulative 14004 / 113)
[resim-restore] scoped skip: checked=27 moved=0 (cumulative 14031 / 113)
[resim-restore] scoped skip: checked=54 moved=1 (cumulative 14085 / 114)
[resim-restore] scoped skip: checked=27 moved=0 (cumulative 14112 / 114)
[resim-restore] scoped skip: checked=27 moved=0 (cumulative 14139 / 114)
[resim-restore] scoped skip: checked=27 moved=0 (cumulative 14166 / 114)
[resim-restore] scoped skip: checked=53 moved=1 (cumulative 14219 / 115)
[resim-restore] scoped skip: checked=27 moved=0 (cumulative 14246 / 115)
[resim-restore] scoped skip: checked=27 moved=0 (cumulative 14273 / 115)
[resim-restore] scoped skip: checked=27 moved=0 (cumulative 14300 / 115)
[resim-restore] scoped skip: checked=53 moved=1 (cumulative 14353 / 116)
[resim-restore] scoped skip: checked=27 moved=0 (cumulative 14380 / 116)
[resim-restore] scoped skip: checked=27 moved=0 (cumulative 14407 / 116)
[resim-restore] scoped skip: checked=27 moved=0 (cumulative 14434 / 116)
[resim-restore] scoped skip: checked=53 moved=1 (cumulative 14487 / 117)
[resim-restore] scoped skip: checked=27 moved=0 (cumulative 14514 / 117)
[resim-restore] scoped skip: checked=27 moved=0 (cumulative 14541 / 117)
[resim-restore] scoped skip: checked=27 moved=0 (cumulative 14568 / 117)
[resim-restore] scoped skip: checked=50 moved=1 (cumulative 14618 / 118)
[resim-restore] scoped skip: checked=27 moved=0 (cumulative 14645 / 118)
[resim-restore] scoped skip: checked=27 moved=0 (cumulative 14672 / 118)
[resim-restore] scoped skip: checked=27 moved=0 (cumulative 14699 / 118)
[resim-restore] scoped skip: checked=55 moved=4 (cumulative 14754 / 122)
[resim-restore] scoped skip: checked=27 moved=0 (cumulative 14781 / 122)
[resim-restore] scoped skip: checked=27 moved=0 (cumulative 14808 / 122)
[resim-restore] scoped skip: checked=27 moved=0 (cumulative 14835 / 122)
[resim-restore] scoped skip: checked=55 moved=4 (cumulative 14890 / 126)
[resim-restore] scoped skip: checked=27 moved=0 (cumulative 14917 / 126)
[resim-restore] scoped skip: checked=27 moved=0 (cumulative 14944 / 126)
[resim-restore] scoped skip: checked=27 moved=0 (cumulative 14971 / 126)
[resim-restore] scoped skip: checked=55 moved=3 (cumulative 15026 / 129)
[resim-restore] scoped skip: checked=27 moved=0 (cumulative 15053 / 129)
[resim-restore] scoped skip: checked=27 moved=0 (cumulative 15080 / 129)
[resim-restore] scoped skip: checked=27 moved=0 (cumulative 15107 / 129)
[resim-restore] scoped skip: checked=55 moved=4 (cumulative 15162 / 133)
[resim-restore] scoped skip: checked=27 moved=0 (cumulative 15189 / 133)
[resim-restore] scoped skip: checked=27 moved=0 (cumulative 15216 / 133)
[resim-restore] scoped skip: checked=27 moved=0 (cumulative 15243 / 133)
[resim-restore] scoped skip: checked=55 moved=4 (cumulative 15298 / 137)
[resim-restore] scoped skip: checked=27 moved=0 (cumulative 15325 / 137)
[resim-restore] scoped skip: checked=27 moved=0 (cumulative 15352 / 137)
[resim-restore] scoped skip: checked=27 moved=0 (cumulative 15379 / 137)
[resim-restore] scoped skip: checked=54 moved=3 (cumulative 15433 / 140)
[resim-restore] scoped skip: checked=27 moved=0 (cumulative 15460 / 140)
[resim-restore] scoped skip: checked=27 moved=0 (cumulative 15487 / 140)
[resim-restore] scoped skip: checked=27 moved=0 (cumulative 15514 / 140)
[resim-restore] scoped skip: checked=54 moved=3 (cumulative 15568 / 143)
[resim-restore] scoped skip: checked=27 moved=0 (cumulative 15595 / 143)
[resim-restore] scoped skip: checked=27 moved=0 (cumulative 15622 / 143)
[resim-restore] scoped skip: checked=27 moved=0 (cumulative 15649 / 143)
[resim-restore] scoped skip: checked=54 moved=2 (cumulative 15703 / 145)
[resim-restore] scoped skip: checked=27 moved=0 (cumulative 15730 / 145)
[resim-restore] scoped skip: checked=27 moved=0 (cumulative 15757 / 145)
[resim-restore] scoped skip: checked=27 moved=0 (cumulative 15784 / 145)
[resim-restore] scoped skip: checked=53 moved=3 (cumulative 15837 / 148)
[resim-restore] scoped skip: checked=27 moved=0 (cumulative 15864 / 148)
[resim-restore] scoped skip: checked=27 moved=0 (cumulative 15891 / 148)
[resim-restore] scoped skip: checked=27 moved=0 (cumulative 15918 / 148)
[resim-restore] scoped skip: checked=53 moved=4 (cumulative 15971 / 152)
[resim-restore] scoped skip: checked=27 moved=0 (cumulative 15998 / 152)
[resim-restore] scoped skip: checked=27 moved=0 (cumulative 16025 / 152)
[resim-restore] scoped skip: checked=27 moved=0 (cumulative 16052 / 152)
[resim-restore] scoped skip: checked=54 moved=4 (cumulative 16106 / 156)
[resim-restore] scoped skip: checked=27 moved=0 (cumulative 16133 / 156)
[resim-restore] scoped skip: checked=27 moved=0 (cumulative 16160 / 156)
[resim-restore] scoped skip: checked=27 moved=0 (cumulative 16187 / 156)
[resim-restore] scoped skip: checked=54 moved=5 (cumulative 16241 / 161)
[resim-restore] scoped skip: checked=27 moved=0 (cumulative 16268 / 161)
[resim-restore] scoped skip: checked=27 moved=0 (cumulative 16295 / 161)
[resim-restore] scoped skip: checked=27 moved=0 (cumulative 16322 / 161)
[resim-restore] scoped skip: checked=54 moved=5 (cumulative 16376 / 166)
[resim-restore] scoped skip: checked=27 moved=0 (cumulative 16403 / 166)
[resim-restore] scoped skip: checked=27 moved=0 (cumulative 16430 / 166)
[resim-restore] scoped skip: checked=27 moved=0 (cumulative 16457 / 166)
tick    300  bodies   1274  awake   1139  broken    4138  solve 19.16 ms  | begin 0.64 solve 12.42 end 2.63 readback 0.21 events 1.27 filters 0.88 ccd 0.00 support 0.33 shape 0.77 => gap 0.00 ms  quiet 1512  pairs 1450
            topo 2.61 (frac 2.03 + valid 0.58)                   pts/pair 0.32  islands skipped 1/60257 (0%)
            fracture: gen 0.35 prep 0.33 apply 0.33 scene 0.92 rebuild 0.00 valid 0.58 | rest 0.10
            physx step 7.53 ms avg over 300 ticks  (last: gpu_wait 3.31 fetch_copy 0.52, contacts hw 12706)
[resim-restore] scoped skip: checked=58 moved=5 (cumulative 16515 / 171)
[resim-restore] scoped skip: checked=27 moved=0 (cumulative 16542 / 171)
[resim-restore] scoped skip: checked=27 moved=0 (cumulative 16569 / 171)
[resim-restore] scoped skip: checked=27 moved=0 (cumulative 16596 / 171)
[resim-restore] scoped skip: checked=58 moved=5 (cumulative 16654 / 176)
[resim-restore] scoped skip: checked=27 moved=0 (cumulative 16681 / 176)
[resim-restore] scoped skip: checked=27 moved=0 (cumulative 16708 / 176)
[resim-restore] scoped skip: checked=27 moved=0 (cumulative 16735 / 176)
[resim-restore] scoped skip: checked=58 moved=5 (cumulative 16793 / 181)
[resim-restore] scoped skip: checked=27 moved=0 (cumulative 16820 / 181)
[resim-restore] scoped skip: checked=27 moved=0 (cumulative 16847 / 181)
[resim-restore] scoped skip: checked=27 moved=0 (cumulative 16874 / 181)
[resim-restore] scoped skip: checked=58 moved=5 (cumulative 16932 / 186)
[resim-restore] scoped skip: checked=27 moved=0 (cumulative 16959 / 186)
[resim-restore] scoped skip: checked=27 moved=0 (cumulative 16986 / 186)
[resim-restore] scoped skip: checked=27 moved=0 (cumulative 17013 / 186)
[resim-restore] scoped skip: checked=58 moved=5 (cumulative 17071 / 191)
[resim-restore] scoped skip: checked=27 moved=0 (cumulative 17098 / 191)
[resim-restore] scoped skip: checked=27 moved=0 (cumulative 17125 / 191)
[resim-restore] scoped skip: checked=27 moved=0 (cumulative 17152 / 191)
[resim-restore] scoped skip: checked=57 moved=5 (cumulative 17209 / 196)
[resim-restore] scoped skip: checked=27 moved=0 (cumulative 17236 / 196)
[resim-restore] scoped skip: checked=27 moved=0 (cumulative 17263 / 196)
[resim-restore] scoped skip: checked=27 moved=0 (cumulative 17290 / 196)
[resim-restore] scoped skip: checked=56 moved=4 (cumulative 17346 / 200)
[resim-restore] scoped skip: checked=27 moved=0 (cumulative 17373 / 200)
[resim-restore] scoped skip: checked=27 moved=0 (cumulative 17400 / 200)
[resim-restore] scoped skip: checked=27 moved=0 (cumulative 17427 / 200)
[resim-restore] scoped skip: checked=57 moved=5 (cumulative 17484 / 205)
[resim-restore] scoped skip: checked=27 moved=0 (cumulative 17511 / 205)
[resim-restore] scoped skip: checked=27 moved=0 (cumulative 17538 / 205)
[resim-restore] scoped skip: checked=27 moved=0 (cumulative 17565 / 205)
[resim-restore] scoped skip: checked=57 moved=5 (cumulative 17622 / 210)
[resim-restore] scoped skip: checked=27 moved=0 (cumulative 17649 / 210)
[resim-restore] scoped skip: checked=27 moved=0 (cumulative 17676 / 210)
[resim-restore] scoped skip: checked=27 moved=0 (cumulative 17703 / 210)
[resim-restore] scoped skip: checked=58 moved=5 (cumulative 17761 / 215)
[resim-restore] scoped skip: checked=27 moved=0 (cumulative 17788 / 215)
[resim-restore] scoped skip: checked=27 moved=0 (cumulative 17815 / 215)
[resim-restore] scoped skip: checked=27 moved=0 (cumulative 17842 / 215)
[resim-restore] scoped skip: checked=58 moved=5 (cumulative 17900 / 220)
[resim-restore] scoped skip: checked=27 moved=0 (cumulative 17927 / 220)
[resim-restore] scoped skip: checked=27 moved=0 (cumulative 17954 / 220)
[resim-restore] scoped skip: checked=27 moved=0 (cumulative 17981 / 220)
[resim-restore] scoped skip: checked=57 moved=5 (cumulative 18038 / 225)
[resim-restore] scoped skip: checked=27 moved=0 (cumulative 18065 / 225)
[resim-restore] scoped skip: checked=27 moved=0 (cumulative 18092 / 225)
[resim-restore] scoped skip: checked=27 moved=0 (cumulative 18119 / 225)
[resim-restore] scoped skip: checked=56 moved=5 (cumulative 18175 / 230)
[resim-restore] scoped skip: checked=27 moved=0 (cumulative 18202 / 230)
[resim-restore] scoped skip: checked=27 moved=0 (cumulative 18229 / 230)
[resim-restore] scoped skip: checked=27 moved=0 (cumulative 18256 / 230)
[resim-restore] scoped skip: checked=56 moved=5 (cumulative 18312 / 235)
[resim-restore] scoped skip: checked=27 moved=0 (cumulative 18339 / 235)
[resim-restore] scoped skip: checked=27 moved=0 (cumulative 18366 / 235)
[resim-restore] scoped skip: checked=27 moved=0 (cumulative 18393 / 235)
[resim-restore] scoped skip: checked=56 moved=5 (cumulative 18449 / 240)
[resim-restore] scoped skip: checked=27 moved=0 (cumulative 18476 / 240)
[resim-restore] scoped skip: checked=27 moved=0 (cumulative 18503 / 240)
[resim-restore] scoped skip: checked=27 moved=0 (cumulative 18530 / 240)
[resim-restore] scoped skip: checked=53 moved=2 (cumulative 18583 / 242)
[resim-restore] scoped skip: checked=27 moved=0 (cumulative 18610 / 242)
[resim-restore] scoped skip: checked=27 moved=0 (cumulative 18637 / 242)
[resim-restore] scoped skip: checked=27 moved=0 (cumulative 18664 / 242)
[resim-restore] scoped skip: checked=54 moved=2 (cumulative 18718 / 244)
[resim-restore] scoped skip: checked=27 moved=0 (cumulative 18745 / 244)
[resim-restore] scoped skip: checked=27 moved=0 (cumulative 18772 / 244)
[resim-restore] scoped skip: checked=27 moved=0 (cumulative 18799 / 244)
[resim-restore] scoped skip: checked=55 moved=2 (cumulative 18854 / 246)
[resim-restore] scoped skip: checked=27 moved=0 (cumulative 18881 / 246)
[resim-restore] scoped skip: checked=27 moved=0 (cumulative 18908 / 246)
[resim-restore] scoped skip: checked=27 moved=0 (cumulative 18935 / 246)
[resim-restore] scoped skip: checked=55 moved=2 (cumulative 18990 / 248)
[resim-restore] scoped skip: checked=27 moved=0 (cumulative 19017 / 248)
[resim-restore] scoped skip: checked=27 moved=0 (cumulative 19044 / 248)
[resim-restore] scoped skip: checked=27 moved=0 (cumulative 19071 / 248)
[resim-restore] scoped skip: checked=55 moved=2 (cumulative 19126 / 250)
[resim-restore] scoped skip: checked=27 moved=0 (cumulative 19153 / 250)
[resim-restore] scoped skip: checked=27 moved=0 (cumulative 19180 / 250)
[resim-restore] scoped skip: checked=27 moved=0 (cumulative 19207 / 250)
[resim-restore] scoped skip: checked=54 moved=2 (cumulative 19261 / 252)
[resim-restore] scoped skip: checked=27 moved=0 (cumulative 19288 / 252)
[resim-restore] scoped skip: checked=27 moved=0 (cumulative 19315 / 252)
[resim-restore] scoped skip: checked=27 moved=0 (cumulative 19342 / 252)
[resim-restore] scoped skip: checked=54 moved=2 (cumulative 19396 / 254)
[resim-restore] scoped skip: checked=27 moved=0 (cumulative 19423 / 254)
[resim-restore] scoped skip: checked=27 moved=0 (cumulative 19450 / 254)
[resim-restore] scoped skip: checked=27 moved=0 (cumulative 19477 / 254)
[resim-restore] scoped skip: checked=56 moved=2 (cumulative 19533 / 256)
[resim-restore] scoped skip: checked=27 moved=0 (cumulative 19560 / 256)
[resim-restore] scoped skip: checked=27 moved=0 (cumulative 19587 / 256)
[resim-restore] scoped skip: checked=27 moved=0 (cumulative 19614 / 256)
[resim-restore] scoped skip: checked=56 moved=2 (cumulative 19670 / 258)
[resim-restore] scoped skip: checked=27 moved=0 (cumulative 19697 / 258)
[resim-restore] scoped skip: checked=27 moved=0 (cumulative 19724 / 258)
[resim-restore] scoped skip: checked=27 moved=0 (cumulative 19751 / 258)
[resim-restore] scoped skip: checked=55 moved=2 (cumulative 19806 / 260)
[resim-restore] scoped skip: checked=27 moved=0 (cumulative 19833 / 260)
[resim-restore] scoped skip: checked=27 moved=0 (cumulative 19860 / 260)
[resim-restore] scoped skip: checked=27 moved=0 (cumulative 19887 / 260)
[resim-restore] scoped skip: checked=56 moved=3 (cumulative 19943 / 263)
[resim-restore] scoped skip: checked=27 moved=0 (cumulative 19970 / 263)
[resim-restore] scoped skip: checked=27 moved=0 (cumulative 19997 / 263)
[resim-restore] scoped skip: checked=27 moved=0 (cumulative 20024 / 263)
[resim-restore] scoped skip: checked=56 moved=3 (cumulative 20080 / 266)
[resim-restore] scoped skip: checked=27 moved=0 (cumulative 20107 / 266)
[resim-restore] scoped skip: checked=27 moved=0 (cumulative 20134 / 266)
[resim-restore] scoped skip: checked=27 moved=0 (cumulative 20161 / 266)
[resim-restore] scoped skip: checked=54 moved=2 (cumulative 20215 / 268)
[resim-restore] scoped skip: checked=27 moved=0 (cumulative 20242 / 268)
[resim-restore] scoped skip: checked=27 moved=0 (cumulative 20269 / 268)
[resim-restore] scoped skip: checked=27 moved=0 (cumulative 20296 / 268)
[resim-restore] scoped skip: checked=54 moved=2 (cumulative 20350 / 270)
[resim-restore] scoped skip: checked=27 moved=0 (cumulative 20377 / 270)
[resim-restore] scoped skip: checked=27 moved=0 (cumulative 20404 / 270)
[resim-restore] scoped skip: checked=27 moved=0 (cumulative 20431 / 270)
[resim-restore] scoped skip: checked=54 moved=2 (cumulative 20485 / 272)
[resim-restore] scoped skip: checked=27 moved=0 (cumulative 20512 / 272)
[resim-restore] scoped skip: checked=27 moved=0 (cumulative 20539 / 272)
[resim-restore] scoped skip: checked=27 moved=0 (cumulative 20566 / 272)
[resim-restore] scoped skip: checked=54 moved=2 (cumulative 20620 / 274)
[resim-restore] scoped skip: checked=27 moved=0 (cumulative 20647 / 274)
[resim-restore] scoped skip: checked=27 moved=0 (cumulative 20674 / 274)
[resim-restore] scoped skip: checked=27 moved=0 (cumulative 20701 / 274)
[resim-restore] scoped skip: checked=55 moved=1 (cumulative 20756 / 275)
[resim-restore] scoped skip: checked=27 moved=0 (cumulative 20783 / 275)
[resim-restore] scoped skip: checked=27 moved=0 (cumulative 20810 / 275)
[resim-restore] scoped skip: checked=27 moved=0 (cumulative 20837 / 275)
[resim-restore] scoped skip: checked=55 moved=2 (cumulative 20892 / 277)
[resim-restore] scoped skip: checked=27 moved=0 (cumulative 20919 / 277)
[resim-restore] scoped skip: checked=27 moved=0 (cumulative 20946 / 277)
[resim-restore] scoped skip: checked=27 moved=0 (cumulative 20973 / 277)
[resim-restore] scoped skip: checked=54 moved=1 (cumulative 21027 / 278)
[resim-restore] scoped skip: checked=27 moved=0 (cumulative 21054 / 278)
[resim-restore] scoped skip: checked=27 moved=0 (cumulative 21081 / 278)
[resim-restore] scoped skip: checked=27 moved=0 (cumulative 21108 / 278)
[resim-restore] scoped skip: checked=55 moved=2 (cumulative 21163 / 280)
[resim-restore] scoped skip: checked=27 moved=0 (cumulative 21190 / 280)
[resim-restore] scoped skip: checked=27 moved=0 (cumulative 21217 / 280)
[resim-restore] scoped skip: checked=27 moved=0 (cumulative 21244 / 280)
[resim-restore] scoped skip: checked=56 moved=2 (cumulative 21300 / 282)
[resim-restore] scoped skip: checked=27 moved=0 (cumulative 21327 / 282)
[resim-restore] scoped skip: checked=27 moved=0 (cumulative 21354 / 282)
[resim-restore] scoped skip: checked=27 moved=0 (cumulative 21381 / 282)
[resim-restore] scoped skip: checked=57 moved=2 (cumulative 21438 / 284)
[resim-restore] scoped skip: checked=27 moved=0 (cumulative 21465 / 284)
[resim-restore] scoped skip: checked=27 moved=0 (cumulative 21492 / 284)
[resim-restore] scoped skip: checked=27 moved=0 (cumulative 21519 / 284)
[resim-restore] scoped skip: checked=56 moved=2 (cumulative 21575 / 286)
[resim-restore] scoped skip: checked=27 moved=0 (cumulative 21602 / 286)
[resim-restore] scoped skip: checked=27 moved=0 (cumulative 21629 / 286)
[resim-restore] scoped skip: checked=27 moved=0 (cumulative 21656 / 286)
[resim-restore] scoped skip: checked=56 moved=2 (cumulative 21712 / 288)
[resim-restore] scoped skip: checked=27 moved=0 (cumulative 21739 / 288)
[resim-restore] scoped skip: checked=27 moved=0 (cumulative 21766 / 288)
[resim-restore] scoped skip: checked=27 moved=0 (cumulative 21793 / 288)
[resim-restore] scoped skip: checked=55 moved=1 (cumulative 21848 / 289)
[resim-restore] scoped skip: checked=27 moved=0 (cumulative 21875 / 289)
[resim-restore] scoped skip: checked=27 moved=0 (cumulative 21902 / 289)
[resim-restore] scoped skip: checked=27 moved=0 (cumulative 21929 / 289)
[resim-restore] scoped skip: checked=55 moved=1 (cumulative 21984 / 290)
[resim-restore] scoped skip: checked=27 moved=0 (cumulative 22011 / 290)
[resim-restore] scoped skip: checked=27 moved=0 (cumulative 22038 / 290)
[resim-restore] scoped skip: checked=27 moved=0 (cumulative 22065 / 290)
[resim-restore] scoped skip: checked=57 moved=2 (cumulative 22122 / 292)
[resim-restore] scoped skip: checked=27 moved=0 (cumulative 22149 / 292)
[resim-restore] scoped skip: checked=27 moved=0 (cumulative 22176 / 292)
[resim-restore] scoped skip: checked=27 moved=0 (cumulative 22203 / 292)
[resim-restore] scoped skip: checked=57 moved=2 (cumulative 22260 / 294)
[resim-restore] scoped skip: checked=27 moved=0 (cumulative 22287 / 294)
[resim-restore] scoped skip: checked=27 moved=0 (cumulative 22314 / 294)
[resim-restore] scoped skip: checked=27 moved=0 (cumulative 22341 / 294)
[resim-restore] scoped skip: checked=56 moved=1 (cumulative 22397 / 295)
[resim-restore] scoped skip: checked=27 moved=0 (cumulative 22424 / 295)
[resim-restore] scoped skip: checked=27 moved=0 (cumulative 22451 / 295)
[resim-restore] scoped skip: checked=27 moved=0 (cumulative 22478 / 295)
[resim-restore] scoped skip: checked=57 moved=2 (cumulative 22535 / 297)
[resim-restore] scoped skip: checked=27 moved=0 (cumulative 22562 / 297)
[resim-restore] scoped skip: checked=27 moved=0 (cumulative 22589 / 297)
[resim-restore] scoped skip: checked=27 moved=0 (cumulative 22616 / 297)
[resim-restore] scoped skip: checked=57 moved=2 (cumulative 22673 / 299)
[resim-restore] scoped skip: checked=27 moved=0 (cumulative 22700 / 299)
[resim-restore] scoped skip: checked=27 moved=0 (cumulative 22727 / 299)
[resim-restore] scoped skip: checked=27 moved=0 (cumulative 22754 / 299)
[resim-restore] scoped skip: checked=59 moved=2 (cumulative 22813 / 301)
[resim-restore] scoped skip: checked=27 moved=0 (cumulative 22840 / 301)
[resim-restore] scoped skip: checked=27 moved=0 (cumulative 22867 / 301)
[resim-restore] scoped skip: checked=27 moved=0 (cumulative 22894 / 301)
[resim-restore] scoped skip: checked=59 moved=2 (cumulative 22953 / 303)
[resim-restore] scoped skip: checked=27 moved=0 (cumulative 22980 / 303)
[resim-restore] scoped skip: checked=27 moved=0 (cumulative 23007 / 303)
[resim-restore] scoped skip: checked=27 moved=0 (cumulative 23034 / 303)
[resim-restore] scoped skip: checked=57 moved=2 (cumulative 23091 / 305)
[resim-restore] scoped skip: checked=27 moved=0 (cumulative 23118 / 305)
[resim-restore] scoped skip: checked=27 moved=0 (cumulative 23145 / 305)
[resim-restore] scoped skip: checked=27 moved=0 (cumulative 23172 / 305)
[resim-restore] scoped skip: checked=59 moved=2 (cumulative 23231 / 307)
[resim-restore] scoped skip: checked=27 moved=0 (cumulative 23258 / 307)
[resim-restore] scoped skip: checked=27 moved=0 (cumulative 23285 / 307)
[resim-restore] scoped skip: checked=27 moved=0 (cumulative 23312 / 307)
[resim-restore] scoped skip: checked=59 moved=2 (cumulative 23371 / 309)
[resim-restore] scoped skip: checked=27 moved=0 (cumulative 23398 / 309)
[resim-restore] scoped skip: checked=27 moved=0 (cumulative 23425 / 309)
[resim-restore] scoped skip: checked=27 moved=0 (cumulative 23452 / 309)
[resim-restore] scoped skip: checked=59 moved=2 (cumulative 23511 / 311)
[resim-restore] scoped skip: checked=27 moved=0 (cumulative 23538 / 311)
[resim-restore] scoped skip: checked=27 moved=0 (cumulative 23565 / 311)
[resim-restore] scoped skip: checked=27 moved=0 (cumulative 23592 / 311)
[resim-restore] scoped skip: checked=58 moved=1 (cumulative 23650 / 312)
[resim-restore] scoped skip: checked=27 moved=0 (cumulative 23677 / 312)
[resim-restore] scoped skip: checked=27 moved=0 (cumulative 23704 / 312)
[resim-restore] scoped skip: checked=27 moved=0 (cumulative 23731 / 312)
[resim-restore] scoped skip: checked=57 moved=2 (cumulative 23788 / 314)
[resim-restore] scoped skip: checked=27 moved=0 (cumulative 23815 / 314)
[resim-restore] scoped skip: checked=27 moved=0 (cumulative 23842 / 314)
[resim-restore] scoped skip: checked=27 moved=0 (cumulative 23869 / 314)
[resim-restore] scoped skip: checked=57 moved=2 (cumulative 23926 / 316)
[resim-restore] scoped skip: checked=27 moved=0 (cumulative 23953 / 316)
[resim-restore] scoped skip: checked=27 moved=0 (cumulative 23980 / 316)
[resim-restore] scoped skip: checked=27 moved=0 (cumulative 24007 / 316)
[resim-restore] scoped skip: checked=57 moved=2 (cumulative 24064 / 318)
[resim-restore] scoped skip: checked=27 moved=0 (cumulative 24091 / 318)
[resim-restore] scoped skip: checked=27 moved=0 (cumulative 24118 / 318)
[resim-restore] scoped skip: checked=27 moved=0 (cumulative 24145 / 318)
[resim-restore] scoped skip: checked=57 moved=2 (cumulative 24202 / 320)
[resim-restore] scoped skip: checked=27 moved=0 (cumulative 24229 / 320)
[resim-restore] scoped skip: checked=27 moved=0 (cumulative 24256 / 320)
[resim-restore] scoped skip: checked=27 moved=0 (cumulative 24283 / 320)
[resim-restore] scoped skip: checked=57 moved=2 (cumulative 24340 / 322)
[resim-restore] scoped skip: checked=27 moved=0 (cumulative 24367 / 322)
[resim-restore] scoped skip: checked=27 moved=0 (cumulative 24394 / 322)
[resim-restore] scoped skip: checked=27 moved=0 (cumulative 24421 / 322)
[resim-restore] scoped skip: checked=55 moved=2 (cumulative 24476 / 324)
[resim-restore] scoped skip: checked=27 moved=0 (cumulative 24503 / 324)
[resim-restore] scoped skip: checked=27 moved=0 (cumulative 24530 / 324)
[resim-restore] scoped skip: checked=27 moved=0 (cumulative 24557 / 324)
[resim-restore] scoped skip: checked=55 moved=2 (cumulative 24612 / 326)
[resim-restore] scoped skip: checked=27 moved=0 (cumulative 24639 / 326)
[resim-restore] scoped skip: checked=27 moved=0 (cumulative 24666 / 326)
[resim-restore] scoped skip: checked=27 moved=0 (cumulative 24693 / 326)
[resim-restore] scoped skip: checked=55 moved=1 (cumulative 24748 / 327)
[resim-restore] scoped skip: checked=27 moved=0 (cumulative 24775 / 327)
[resim-restore] scoped skip: checked=27 moved=0 (cumulative 24802 / 327)
[resim-restore] scoped skip: checked=27 moved=0 (cumulative 24829 / 327)
[resim-restore] scoped skip: checked=53 moved=1 (cumulative 24882 / 328)
[resim-restore] scoped skip: checked=27 moved=0 (cumulative 24909 / 328)
[resim-restore] scoped skip: checked=27 moved=0 (cumulative 24936 / 328)
[resim-restore] scoped skip: checked=27 moved=0 (cumulative 24963 / 328)
[resim-restore] scoped skip: checked=57 moved=3 (cumulative 25020 / 331)
[resim-restore] scoped skip: checked=27 moved=0 (cumulative 25047 / 331)
[resim-restore] scoped skip: checked=27 moved=0 (cumulative 25074 / 331)
[resim-restore] scoped skip: checked=27 moved=0 (cumulative 25101 / 331)
[resim-restore] scoped skip: checked=54 moved=3 (cumulative 25155 / 334)
[resim-restore] scoped skip: checked=27 moved=0 (cumulative 25182 / 334)
[resim-restore] scoped skip: checked=27 moved=0 (cumulative 25209 / 334)
[resim-restore] scoped skip: checked=27 moved=0 (cumulative 25236 / 334)
[resim-restore] scoped skip: checked=54 moved=3 (cumulative 25290 / 337)
[resim-restore] scoped skip: checked=27 moved=0 (cumulative 25317 / 337)
[resim-restore] scoped skip: checked=27 moved=0 (cumulative 25344 / 337)
[resim-restore] scoped skip: checked=27 moved=0 (cumulative 25371 / 337)
[resim-restore] scoped skip: checked=55 moved=3 (cumulative 25426 / 340)
[resim-restore] scoped skip: checked=27 moved=0 (cumulative 25453 / 340)
[resim-restore] scoped skip: checked=27 moved=0 (cumulative 25480 / 340)
[resim-restore] scoped skip: checked=27 moved=0 (cumulative 25507 / 340)
[resim-restore] scoped skip: checked=55 moved=3 (cumulative 25562 / 343)
[resim-restore] scoped skip: checked=27 moved=0 (cumulative 25589 / 343)
[resim-restore] scoped skip: checked=27 moved=0 (cumulative 25616 / 343)
[resim-restore] scoped skip: checked=27 moved=0 (cumulative 25643 / 343)
[resim-restore] scoped skip: checked=55 moved=3 (cumulative 25698 / 346)
[resim-restore] scoped skip: checked=27 moved=0 (cumulative 25725 / 346)
[resim-restore] scoped skip: checked=27 moved=0 (cumulative 25752 / 346)
[resim-restore] scoped skip: checked=27 moved=0 (cumulative 25779 / 346)
[resim-restore] scoped skip: checked=55 moved=3 (cumulative 25834 / 349)
[resim-restore] scoped skip: checked=27 moved=0 (cumulative 25861 / 349)
[resim-restore] scoped skip: checked=27 moved=0 (cumulative 25888 / 349)
[resim-restore] scoped skip: checked=27 moved=0 (cumulative 25915 / 349)
[bs-phase] calls=600 per-call ms: upload 0.168 kernel 0.042 readback 0.045 | prep 0.131 enqueue 0.070 sync 0.066 | host total 0.281 | skipped 0 of 600 | up 0.42 MB down 0.03 MB | PROBE empty 0.000 nullkernel1 0.000 nullkernel2 0.000 copy4B 0.000
[bond-stress-gpu] ticks=1200 attempts=600 ranOnDevice=600 checks=14440510 MISMATCHES=0 (count=0 removeSize=0 removeOrder=0 mask=0) firstBadTick=0 lastBadTick=0 refuse(noSolver=0 stale=0 pendingTopo=0 csr=0) STRESS_MISMATCH=0/88880804 big=0 maxRel=0.000e+00 BEND_MISMATCH=0 bendMaxRel=0.000e+00 OVERSET_MISMATCH=0/44440402 compactHits=0 misses=0 IMPULSE=0/44440819 impMaxRel=0.000e+00 PAYLOAD(n=44440819 node=0 normal=0 disp=0 centroid=0)
[bs-phase] calls=600 per-call ms: upload 0.138 kernel 0.046 readback 0.035 | prep 0.085 enqueue 0.083 sync 0.058 | host total 0.239 | skipped 0 of 600 | up 0.29 MB down 0.03 MB | PROBE empty 0.000 nullkernel1 0.000 nullkernel2 0.000 copy4B 0.000
[bond-stress-gpu] ticks=1200 attempts=600 ranOnDevice=600 checks=10158283 MISMATCHES=0 (count=0 removeSize=0 removeOrder=0 mask=0) firstBadTick=0 lastBadTick=0 refuse(noSolver=0 stale=0 pendingTopo=0 csr=0) STRESS_MISMATCH=0/61420144 big=0 maxRel=0.000e+00 BEND_MISMATCH=0 bendMaxRel=0.000e+00 OVERSET_MISMATCH=0/30710072 compactHits=0 misses=0 IMPULSE=0/30710513 impMaxRel=0.000e+00 PAYLOAD(n=30710513 node=0 normal=0 disp=0 centroid=0)
[bs-phase] calls=600 per-call ms: upload 0.160 kernel 0.043 readback 0.042 | prep 0.121 enqueue 0.073 sync 0.061 | host total 0.269 | skipped 0 of 600 | up 0.38 MB down 0.03 MB | PROBE empty 0.000 nullkernel1 0.000 nullkernel2 0.000 copy4B 0.000
[bond-stress-gpu] ticks=1200 attempts=600 ranOnDevice=600 checks=13059798 MISMATCHES=0 (count=0 removeSize=0 removeOrder=0 mask=0) firstBadTick=0 lastBadTick=0 refuse(noSolver=0 stale=0 pendingTopo=0 csr=0) STRESS_MISMATCH=0/80186814 big=0 maxRel=0.000e+00 BEND_MISMATCH=0 bendMaxRel=0.000e+00 OVERSET_MISMATCH=0/40093407 compactHits=0 misses=0 IMPULSE=0/40093807 impMaxRel=0.000e+00 PAYLOAD(n=40093807 node=0 normal=0 disp=0 centroid=0)
[bs-phase] calls=600 per-call ms: upload 0.262 kernel 0.159 readback 0.024 | prep 0.251 enqueue 0.188 sync 0.012 | host total 0.462 | skipped 0 of 600 | up 0.82 MB down 0.04 MB | PROBE empty 0.000 nullkernel1 0.000 nullkernel2 0.000 copy4B 0.000
[bond-stress-gpu] ticks=1200 attempts=600 ranOnDevice=600 checks=14440507 MISMATCHES=0 (count=0 removeSize=0 removeOrder=0 mask=0) firstBadTick=0 lastBadTick=0 refuse(noSolver=0 stale=0 pendingTopo=0 csr=0) STRESS_MISMATCH=0/84635054 big=0 maxRel=0.000e+00 BEND_MISMATCH=0 bendMaxRel=0.000e+00 OVERSET_MISMATCH=0/42317527 compactHits=0 misses=0 IMPULSE=0/42317941 impMaxRel=0.000e+00 PAYLOAD(n=42317941 node=0 normal=0 disp=0 centroid=0)
[fracture-candidates] ticks=600 checks=26989 mismatches=0
[fracture-candidates] ticks=600 checks=12694 mismatches=0
[fracture-candidates] ticks=600 checks=13598 mismatches=0
[fracture-candidates] ticks=600 checks=13413 mismatches=0
[resim-restore] scoped skip: checked=55 moved=3 (cumulative 25970 / 352)
[resim-restore] scoped skip: checked=27 moved=0 (cumulative 25997 / 352)
[resim-restore] scoped skip: checked=27 moved=0 (cumulative 26024 / 352)
[resim-restore] scoped skip: checked=27 moved=0 (cumulative 26051 / 352)
[resim-restore] scoped skip: checked=56 moved=3 (cumulative 26107 / 355)
[resim-restore] scoped skip: checked=27 moved=0 (cumulative 26134 / 355)
[resim-restore] scoped skip: checked=27 moved=0 (cumulative 26161 / 355)
[resim-restore] scoped skip: checked=27 moved=0 (cumulative 26188 / 355)
[resim-restore] scoped skip: checked=56 moved=3 (cumulative 26244 / 358)
[resim-restore] scoped skip: checked=27 moved=0 (cumulative 26271 / 358)
[resim-restore] scoped skip: checked=27 moved=0 (cumulative 26298 / 358)
[resim-restore] scoped skip: checked=27 moved=0 (cumulative 26325 / 358)
[resim-restore] scoped skip: checked=56 moved=3 (cumulative 26381 / 361)
[resim-restore] scoped skip: checked=27 moved=0 (cumulative 26408 / 361)
[resim-restore] scoped skip: checked=27 moved=0 (cumulative 26435 / 361)
[resim-restore] scoped skip: checked=27 moved=0 (cumulative 26462 / 361)
[resim-restore] scoped skip: checked=56 moved=3 (cumulative 26518 / 364)
[resim-restore] scoped skip: checked=27 moved=0 (cumulative 26545 / 364)
[resim-restore] scoped skip: checked=27 moved=0 (cumulative 26572 / 364)
[resim-restore] scoped skip: checked=27 moved=0 (cumulative 26599 / 364)
[resim-restore] scoped skip: checked=57 moved=3 (cumulative 26656 / 367)
[resim-restore] scoped skip: checked=27 moved=0 (cumulative 26683 / 367)
[resim-restore] scoped skip: checked=27 moved=0 (cumulative 26710 / 367)
[resim-restore] scoped skip: checked=27 moved=0 (cumulative 26737 / 367)
[resim-restore] scoped skip: checked=56 moved=2 (cumulative 26793 / 369)
[resim-restore] scoped skip: checked=27 moved=0 (cumulative 26820 / 369)
[resim-restore] scoped skip: checked=27 moved=0 (cumulative 26847 / 369)
[resim-restore] scoped skip: checked=27 moved=0 (cumulative 26874 / 369)
[resim-restore] scoped skip: checked=56 moved=2 (cumulative 26930 / 371)
[resim-restore] scoped skip: checked=27 moved=0 (cumulative 26957 / 371)
[resim-restore] scoped skip: checked=27 moved=0 (cumulative 26984 / 371)
[resim-restore] scoped skip: checked=27 moved=0 (cumulative 27011 / 371)
[resim-restore] scoped skip: checked=57 moved=4 (cumulative 27068 / 375)
[resim-restore] scoped skip: checked=27 moved=0 (cumulative 27095 / 375)
[resim-restore] scoped skip: checked=27 moved=0 (cumulative 27122 / 375)
[resim-restore] scoped skip: checked=27 moved=0 (cumulative 27149 / 375)
[resim-restore] scoped skip: checked=55 moved=2 (cumulative 27204 / 377)
[resim-restore] scoped skip: checked=27 moved=0 (cumulative 27231 / 377)
[resim-restore] scoped skip: checked=27 moved=0 (cumulative 27258 / 377)
[resim-restore] scoped skip: checked=27 moved=0 (cumulative 27285 / 377)
[resim-restore] scoped skip: checked=55 moved=2 (cumulative 27340 / 379)
[resim-restore] scoped skip: checked=27 moved=0 (cumulative 27367 / 379)
[resim-restore] scoped skip: checked=27 moved=0 (cumulative 27394 / 379)
[resim-restore] scoped skip: checked=27 moved=0 (cumulative 27421 / 379)
[resim-restore] scoped skip: checked=54 moved=3 (cumulative 27475 / 382)
[resim-restore] scoped skip: checked=27 moved=0 (cumulative 27502 / 382)
[resim-restore] scoped skip: checked=27 moved=0 (cumulative 27529 / 382)
[resim-restore] scoped skip: checked=27 moved=0 (cumulative 27556 / 382)
[resim-restore] scoped skip: checked=54 moved=2 (cumulative 27610 / 384)
[resim-restore] scoped skip: checked=27 moved=0 (cumulative 27637 / 384)
[resim-restore] scoped skip: checked=27 moved=0 (cumulative 27664 / 384)
[resim-restore] scoped skip: checked=27 moved=0 (cumulative 27691 / 384)
[resim-restore] scoped skip: checked=57 moved=1 (cumulative 27748 / 385)
[resim-restore] scoped skip: checked=27 moved=0 (cumulative 27775 / 385)
[resim-restore] scoped skip: checked=27 moved=0 (cumulative 27802 / 385)
[resim-restore] scoped skip: checked=27 moved=0 (cumulative 27829 / 385)
[resim-restore] scoped skip: checked=56 moved=1 (cumulative 27885 / 386)
[resim-restore] scoped skip: checked=27 moved=0 (cumulative 27912 / 386)
[resim-restore] scoped skip: checked=27 moved=0 (cumulative 27939 / 386)
[resim-restore] scoped skip: checked=27 moved=0 (cumulative 27966 / 386)
[resim-restore] scoped skip: checked=57 moved=3 (cumulative 28023 / 389)
[resim-restore] scoped skip: checked=27 moved=0 (cumulative 28050 / 389)
[resim-restore] scoped skip: checked=27 moved=0 (cumulative 28077 / 389)
[resim-restore] scoped skip: checked=27 moved=0 (cumulative 28104 / 389)
[resim-restore] scoped skip: checked=57 moved=2 (cumulative 28161 / 391)
[resim-restore] scoped skip: checked=27 moved=0 (cumulative 28188 / 391)
[resim-restore] scoped skip: checked=27 moved=0 (cumulative 28215 / 391)
[resim-restore] scoped skip: checked=27 moved=0 (cumulative 28242 / 391)
[resim-restore] scoped skip: checked=56 moved=2 (cumulative 28298 / 393)
[resim-restore] scoped skip: checked=27 moved=0 (cumulative 28325 / 393)
[resim-restore] scoped skip: checked=27 moved=0 (cumulative 28352 / 393)
[resim-restore] scoped skip: checked=27 moved=0 (cumulative 28379 / 393)
[resim-restore] scoped skip: checked=53 moved=2 (cumulative 28432 / 395)
[resim-restore] scoped skip: checked=27 moved=0 (cumulative 28459 / 395)
[resim-restore] scoped skip: checked=27 moved=0 (cumulative 28486 / 395)
[resim-restore] scoped skip: checked=27 moved=0 (cumulative 28513 / 395)
[resim-restore] scoped skip: checked=53 moved=3 (cumulative 28566 / 398)
[resim-restore] scoped skip: checked=27 moved=0 (cumulative 28593 / 398)
[resim-restore] scoped skip: checked=27 moved=0 (cumulative 28620 / 398)
[resim-restore] scoped skip: checked=27 moved=0 (cumulative 28647 / 398)
[resim-restore] scoped skip: checked=53 moved=3 (cumulative 28700 / 401)
[resim-restore] scoped skip: checked=27 moved=0 (cumulative 28727 / 401)
[resim-restore] scoped skip: checked=27 moved=0 (cumulative 28754 / 401)
[resim-restore] scoped skip: checked=27 moved=0 (cumulative 28781 / 401)
[resim-restore] scoped skip: checked=53 moved=3 (cumulative 28834 / 404)
[resim-restore] scoped skip: checked=27 moved=0 (cumulative 28861 / 404)
[resim-restore] scoped skip: checked=27 moved=0 (cumulative 28888 / 404)
[resim-restore] scoped skip: checked=27 moved=0 (cumulative 28915 / 404)
[resim-restore] scoped skip: checked=54 moved=3 (cumulative 28969 / 407)
[resim-restore] scoped skip: checked=27 moved=0 (cumulative 28996 / 407)
[resim-restore] scoped skip: checked=27 moved=0 (cumulative 29023 / 407)
[resim-restore] scoped skip: checked=27 moved=0 (cumulative 29050 / 407)
[resim-restore] scoped skip: checked=53 moved=3 (cumulative 29103 / 410)
[resim-restore] scoped skip: checked=27 moved=0 (cumulative 29130 / 410)
[resim-restore] scoped skip: checked=27 moved=0 (cumulative 29157 / 410)
[resim-restore] scoped skip: checked=27 moved=0 (cumulative 29184 / 410)
[resim-restore] scoped skip: checked=55 moved=4 (cumulative 29239 / 414)
[resim-restore] scoped skip: checked=27 moved=0 (cumulative 29266 / 414)
[resim-restore] scoped skip: checked=27 moved=0 (cumulative 29293 / 414)
[resim-restore] scoped skip: checked=27 moved=0 (cumulative 29320 / 414)
[resim-restore] scoped skip: checked=55 moved=4 (cumulative 29375 / 418)
[resim-restore] scoped skip: checked=27 moved=0 (cumulative 29402 / 418)
[resim-restore] scoped skip: checked=27 moved=0 (cumulative 29429 / 418)
[resim-restore] scoped skip: checked=27 moved=0 (cumulative 29456 / 418)
[resim-restore] scoped skip: checked=55 moved=4 (cumulative 29511 / 422)
[resim-restore] scoped skip: checked=27 moved=0 (cumulative 29538 / 422)
[resim-restore] scoped skip: checked=27 moved=0 (cumulative 29565 / 422)
[resim-restore] scoped skip: checked=27 moved=0 (cumulative 29592 / 422)
[resim-restore] scoped skip: checked=55 moved=4 (cumulative 29647 / 426)
[resim-restore] scoped skip: checked=27 moved=0 (cumulative 29674 / 426)
[resim-restore] scoped skip: checked=27 moved=0 (cumulative 29701 / 426)
[resim-restore] scoped skip: checked=27 moved=0 (cumulative 29728 / 426)
[resim-restore] scoped skip: checked=55 moved=4 (cumulative 29783 / 430)
[resim-restore] scoped skip: checked=27 moved=0 (cumulative 29810 / 430)
[resim-restore] scoped skip: checked=27 moved=0 (cumulative 29837 / 430)
[resim-restore] scoped skip: checked=27 moved=0 (cumulative 29864 / 430)
[resim-restore] scoped skip: checked=58 moved=5 (cumulative 29922 / 435)
[resim-restore] scoped skip: checked=27 moved=0 (cumulative 29949 / 435)
[resim-restore] scoped skip: checked=27 moved=0 (cumulative 29976 / 435)
[resim-restore] scoped skip: checked=27 moved=0 (cumulative 30003 / 435)
[resim-restore] scoped skip: checked=57 moved=5 (cumulative 30060 / 440)
[resim-restore] scoped skip: checked=27 moved=0 (cumulative 30087 / 440)
[resim-restore] scoped skip: checked=27 moved=0 (cumulative 30114 / 440)
[resim-restore] scoped skip: checked=27 moved=0 (cumulative 30141 / 440)
[resim-restore] scoped skip: checked=57 moved=5 (cumulative 30198 / 445)
[resim-restore] scoped skip: checked=27 moved=0 (cumulative 30225 / 445)
[resim-restore] scoped skip: checked=27 moved=0 (cumulative 30252 / 445)
[resim-restore] scoped skip: checked=27 moved=0 (cumulative 30279 / 445)
[resim-restore] scoped skip: checked=57 moved=5 (cumulative 30336 / 450)
[resim-restore] scoped skip: checked=27 moved=0 (cumulative 30363 / 450)
[resim-restore] scoped skip: checked=27 moved=0 (cumulative 30390 / 450)
[resim-restore] scoped skip: checked=27 moved=0 (cumulative 30417 / 450)
[resim-restore] scoped skip: checked=57 moved=5 (cumulative 30474 / 455)
[resim-restore] scoped skip: checked=27 moved=0 (cumulative 30501 / 455)
[resim-restore] scoped skip: checked=27 moved=0 (cumulative 30528 / 455)
[resim-restore] scoped skip: checked=27 moved=0 (cumulative 30555 / 455)
[resim-restore] scoped skip: checked=57 moved=5 (cumulative 30612 / 460)
[resim-restore] scoped skip: checked=27 moved=0 (cumulative 30639 / 460)
[resim-restore] scoped skip: checked=27 moved=0 (cumulative 30666 / 460)
[resim-restore] scoped skip: checked=27 moved=0 (cumulative 30693 / 460)
[resim-restore] scoped skip: checked=57 moved=5 (cumulative 30750 / 465)
[resim-restore] scoped skip: checked=27 moved=0 (cumulative 30777 / 465)
[resim-restore] scoped skip: checked=27 moved=0 (cumulative 30804 / 465)
[resim-restore] scoped skip: checked=27 moved=0 (cumulative 30831 / 465)
[resim-restore] scoped skip: checked=58 moved=4 (cumulative 30889 / 469)
[resim-restore] scoped skip: checked=27 moved=0 (cumulative 30916 / 469)
[resim-restore] scoped skip: checked=27 moved=0 (cumulative 30943 / 469)
[resim-restore] scoped skip: checked=27 moved=0 (cumulative 30970 / 469)
[resim-restore] scoped skip: checked=57 moved=4 (cumulative 31027 / 473)
[resim-restore] scoped skip: checked=27 moved=0 (cumulative 31054 / 473)
[resim-restore] scoped skip: checked=27 moved=0 (cumulative 31081 / 473)
[resim-restore] scoped skip: checked=27 moved=0 (cumulative 31108 / 473)
[resim-restore] scoped skip: checked=61 moved=4 (cumulative 31169 / 477)
[resim-restore] scoped skip: checked=27 moved=0 (cumulative 31196 / 477)
[resim-restore] scoped skip: checked=27 moved=0 (cumulative 31223 / 477)
[resim-restore] scoped skip: checked=27 moved=0 (cumulative 31250 / 477)
[resim-restore] scoped skip: checked=62 moved=4 (cumulative 31312 / 481)
[resim-restore] scoped skip: checked=27 moved=0 (cumulative 31339 / 481)
[resim-restore] scoped skip: checked=27 moved=0 (cumulative 31366 / 481)
[resim-restore] scoped skip: checked=27 moved=0 (cumulative 31393 / 481)
[resim-restore] scoped skip: checked=62 moved=4 (cumulative 31455 / 485)
[resim-restore] scoped skip: checked=27 moved=0 (cumulative 31482 / 485)
[resim-restore] scoped skip: checked=27 moved=0 (cumulative 31509 / 485)
[resim-restore] scoped skip: checked=27 moved=0 (cumulative 31536 / 485)
[resim-restore] scoped skip: checked=64 moved=5 (cumulative 31600 / 490)
[resim-restore] scoped skip: checked=27 moved=0 (cumulative 31627 / 490)
[resim-restore] scoped skip: checked=27 moved=0 (cumulative 31654 / 490)
[resim-restore] scoped skip: checked=27 moved=0 (cumulative 31681 / 490)
[resim-restore] scoped skip: checked=60 moved=1 (cumulative 31741 / 491)
[resim-restore] scoped skip: checked=27 moved=0 (cumulative 31768 / 491)
[resim-restore] scoped skip: checked=27 moved=0 (cumulative 31795 / 491)
[resim-restore] scoped skip: checked=27 moved=0 (cumulative 31822 / 491)
[drain-parallel] ticks=600 calls=465373 mismatches=0
[resim-restore] scoped skip: checked=60 moved=1 (cumulative 31882 / 492)
[resim-restore] scoped skip: checked=27 moved=0 (cumulative 31909 / 492)
[resim-restore] scoped skip: checked=27 moved=0 (cumulative 31936 / 492)
[resim-restore] scoped skip: checked=27 moved=0 (cumulative 31963 / 492)
[resim-restore] scoped skip: checked=60 moved=1 (cumulative 32023 / 493)
[resim-restore] scoped skip: checked=27 moved=0 (cumulative 32050 / 493)
[resim-restore] scoped skip: checked=27 moved=0 (cumulative 32077 / 493)
[resim-restore] scoped skip: checked=27 moved=0 (cumulative 32104 / 493)
[resim-restore] scoped skip: checked=60 moved=2 (cumulative 32164 / 495)
[resim-restore] scoped skip: checked=27 moved=0 (cumulative 32191 / 495)
[resim-restore] scoped skip: checked=27 moved=0 (cumulative 32218 / 495)
[resim-restore] scoped skip: checked=27 moved=0 (cumulative 32245 / 495)
[resim-restore] scoped skip: checked=61 moved=2 (cumulative 32306 / 497)
[resim-restore] scoped skip: checked=27 moved=0 (cumulative 32333 / 497)
[resim-restore] scoped skip: checked=27 moved=0 (cumulative 32360 / 497)
[resim-restore] scoped skip: checked=27 moved=0 (cumulative 32387 / 497)
[resim-restore] scoped skip: checked=60 moved=2 (cumulative 32447 / 499)
[resim-restore] scoped skip: checked=27 moved=0 (cumulative 32474 / 499)
[resim-restore] scoped skip: checked=27 moved=0 (cumulative 32501 / 499)
[resim-restore] scoped skip: checked=27 moved=0 (cumulative 32528 / 499)
[resim-restore] scoped skip: checked=64 moved=1 (cumulative 32592 / 500)
[resim-restore] scoped skip: checked=27 moved=0 (cumulative 32619 / 500)
[resim-restore] scoped skip: checked=27 moved=0 (cumulative 32646 / 500)
[resim-restore] scoped skip: checked=27 moved=0 (cumulative 32673 / 500)
[resim-restore] scoped skip: checked=67 moved=2 (cumulative 32740 / 502)
[resim-restore] scoped skip: checked=27 moved=0 (cumulative 32767 / 502)
[resim-restore] scoped skip: checked=27 moved=0 (cumulative 32794 / 502)
[resim-restore] scoped skip: checked=27 moved=0 (cumulative 32821 / 502)
[resim-restore] scoped skip: checked=66 moved=1 (cumulative 32887 / 503)
[resim-restore] scoped skip: checked=27 moved=0 (cumulative 32914 / 503)
[resim-restore] scoped skip: checked=27 moved=0 (cumulative 32941 / 503)
[resim-restore] scoped skip: checked=27 moved=0 (cumulative 32968 / 503)
[resim-restore] scoped skip: checked=66 moved=2 (cumulative 33034 / 505)
[resim-restore] scoped skip: checked=27 moved=0 (cumulative 33061 / 505)
[resim-restore] scoped skip: checked=27 moved=0 (cumulative 33088 / 505)
[resim-restore] scoped skip: checked=27 moved=0 (cumulative 33115 / 505)
[resim-restore] scoped skip: checked=70 moved=1 (cumulative 33185 / 506)
[resim-restore] scoped skip: checked=27 moved=0 (cumulative 33212 / 506)
[resim-restore] scoped skip: checked=27 moved=0 (cumulative 33239 / 506)
[resim-restore] scoped skip: checked=27 moved=0 (cumulative 33266 / 506)
[resim-restore] scoped skip: checked=72 moved=1 (cumulative 33338 / 507)
[resim-restore] scoped skip: checked=27 moved=0 (cumulative 33365 / 507)
[resim-restore] scoped skip: checked=27 moved=0 (cumulative 33392 / 507)
[resim-restore] scoped skip: checked=27 moved=0 (cumulative 33419 / 507)
[resim-restore] scoped skip: checked=74 moved=2 (cumulative 33493 / 509)
[resim-restore] scoped skip: checked=27 moved=0 (cumulative 33520 / 509)
[resim-restore] scoped skip: checked=27 moved=0 (cumulative 33547 / 509)
[resim-restore] scoped skip: checked=27 moved=0 (cumulative 33574 / 509)
[resim-restore] scoped skip: checked=74 moved=2 (cumulative 33648 / 511)
[resim-restore] scoped skip: checked=27 moved=0 (cumulative 33675 / 511)
[resim-restore] scoped skip: checked=27 moved=0 (cumulative 33702 / 511)
[resim-restore] scoped skip: checked=27 moved=0 (cumulative 33729 / 511)
[resim-restore] scoped skip: checked=75 moved=2 (cumulative 33804 / 513)
[resim-restore] scoped skip: checked=27 moved=0 (cumulative 33831 / 513)
[resim-restore] scoped skip: checked=27 moved=0 (cumulative 33858 / 513)
[resim-restore] scoped skip: checked=27 moved=0 (cumulative 33885 / 513)
[resim-restore] scoped skip: checked=75 moved=3 (cumulative 33960 / 516)
[resim-restore] scoped skip: checked=27 moved=0 (cumulative 33987 / 516)
[resim-restore] scoped skip: checked=27 moved=0 (cumulative 34014 / 516)
[resim-restore] scoped skip: checked=27 moved=0 (cumulative 34041 / 516)
[resim-restore] scoped skip: checked=75 moved=3 (cumulative 34116 / 519)
[resim-restore] scoped skip: checked=27 moved=0 (cumulative 34143 / 519)
[resim-restore] scoped skip: checked=27 moved=0 (cumulative 34170 / 519)
[resim-restore] scoped skip: checked=27 moved=0 (cumulative 34197 / 519)
[resim-restore] scoped skip: checked=75 moved=2 (cumulative 34272 / 521)
[resim-restore] scoped skip: checked=27 moved=0 (cumulative 34299 / 521)
[resim-restore] scoped skip: checked=27 moved=0 (cumulative 34326 / 521)
[resim-restore] scoped skip: checked=27 moved=0 (cumulative 34353 / 521)
[resim-restore] scoped skip: checked=76 moved=2 (cumulative 34429 / 523)
[resim-restore] scoped skip: checked=27 moved=0 (cumulative 34456 / 523)
[resim-restore] scoped skip: checked=27 moved=0 (cumulative 34483 / 523)
[resim-restore] scoped skip: checked=27 moved=0 (cumulative 34510 / 523)
[resim-restore] scoped skip: checked=76 moved=2 (cumulative 34586 / 525)
[resim-restore] scoped skip: checked=27 moved=0 (cumulative 34613 / 525)
[resim-restore] scoped skip: checked=27 moved=0 (cumulative 34640 / 525)
[resim-restore] scoped skip: checked=27 moved=0 (cumulative 34667 / 525)
[resim-restore] scoped skip: checked=77 moved=2 (cumulative 34744 / 527)
[resim-restore] scoped skip: checked=27 moved=0 (cumulative 34771 / 527)
[resim-restore] scoped skip: checked=27 moved=0 (cumulative 34798 / 527)
[resim-restore] scoped skip: checked=27 moved=0 (cumulative 34825 / 527)
[resim-restore] scoped skip: checked=79 moved=2 (cumulative 34904 / 529)
[resim-restore] scoped skip: checked=27 moved=0 (cumulative 34931 / 529)
[resim-restore] scoped skip: checked=27 moved=0 (cumulative 34958 / 529)
[resim-restore] scoped skip: checked=27 moved=0 (cumulative 34985 / 529)
[resim-restore] scoped skip: checked=80 moved=2 (cumulative 35065 / 531)
[resim-restore] scoped skip: checked=27 moved=0 (cumulative 35092 / 531)
[resim-restore] scoped skip: checked=27 moved=0 (cumulative 35119 / 531)
[resim-restore] scoped skip: checked=27 moved=0 (cumulative 35146 / 531)
[resim-restore] scoped skip: checked=78 moved=1 (cumulative 35224 / 532)
[resim-restore] scoped skip: checked=27 moved=0 (cumulative 35251 / 532)
[resim-restore] scoped skip: checked=27 moved=0 (cumulative 35278 / 532)
[resim-restore] scoped skip: checked=27 moved=0 (cumulative 35305 / 532)
[resim-restore] scoped skip: checked=77 moved=1 (cumulative 35382 / 533)
[resim-restore] scoped skip: checked=27 moved=0 (cumulative 35409 / 533)
[resim-restore] scoped skip: checked=27 moved=0 (cumulative 35436 / 533)
[resim-restore] scoped skip: checked=27 moved=0 (cumulative 35463 / 533)
[resim-restore] scoped skip: checked=80 moved=1 (cumulative 35543 / 534)
[resim-restore] scoped skip: checked=27 moved=0 (cumulative 35570 / 534)
[resim-restore] scoped skip: checked=27 moved=0 (cumulative 35597 / 534)
[resim-restore] scoped skip: checked=27 moved=0 (cumulative 35624 / 534)
[resim-restore] scoped skip: checked=81 moved=0 (cumulative 35705 / 534)
[resim-restore] scoped skip: checked=27 moved=0 (cumulative 35732 / 534)
[resim-restore] scoped skip: checked=27 moved=0 (cumulative 35759 / 534)
[resim-restore] scoped skip: checked=27 moved=0 (cumulative 35786 / 534)
[resim-restore] scoped skip: checked=81 moved=2 (cumulative 35867 / 536)
[resim-restore] scoped skip: checked=27 moved=0 (cumulative 35894 / 536)
[resim-restore] scoped skip: checked=27 moved=0 (cumulative 35921 / 536)
[resim-restore] scoped skip: checked=27 moved=0 (cumulative 35948 / 536)
[resim-restore] scoped skip: checked=81 moved=1 (cumulative 36029 / 537)
[resim-restore] scoped skip: checked=27 moved=0 (cumulative 36056 / 537)
[resim-restore] scoped skip: checked=27 moved=0 (cumulative 36083 / 537)
[resim-restore] scoped skip: checked=27 moved=0 (cumulative 36110 / 537)
[resim-restore] scoped skip: checked=81 moved=1 (cumulative 36191 / 538)
[resim-restore] scoped skip: checked=27 moved=0 (cumulative 36218 / 538)
[resim-restore] scoped skip: checked=27 moved=0 (cumulative 36245 / 538)
[resim-restore] scoped skip: checked=27 moved=0 (cumulative 36272 / 538)
[resim-restore] scoped skip: checked=81 moved=2 (cumulative 36353 / 540)
[resim-restore] scoped skip: checked=27 moved=0 (cumulative 36380 / 540)
[resim-restore] scoped skip: checked=27 moved=0 (cumulative 36407 / 540)
[resim-restore] scoped skip: checked=27 moved=0 (cumulative 36434 / 540)
[resim-restore] scoped skip: checked=86 moved=2 (cumulative 36520 / 542)
[resim-restore] scoped skip: checked=27 moved=0 (cumulative 36547 / 542)
[resim-restore] scoped skip: checked=27 moved=0 (cumulative 36574 / 542)
[resim-restore] scoped skip: checked=27 moved=0 (cumulative 36601 / 542)
[resim-restore] scoped skip: checked=91 moved=2 (cumulative 36692 / 544)
[resim-restore] scoped skip: checked=27 moved=0 (cumulative 36719 / 544)
[resim-restore] scoped skip: checked=27 moved=0 (cumulative 36746 / 544)
[resim-restore] scoped skip: checked=27 moved=0 (cumulative 36773 / 544)
[resim-restore] scoped skip: checked=92 moved=2 (cumulative 36865 / 546)
[resim-restore] scoped skip: checked=27 moved=0 (cumulative 36892 / 546)
[resim-restore] scoped skip: checked=27 moved=0 (cumulative 36919 / 546)
[resim-restore] scoped skip: checked=27 moved=0 (cumulative 36946 / 546)
[resim-restore] scoped skip: checked=93 moved=1 (cumulative 37039 / 547)
[resim-restore] scoped skip: checked=27 moved=0 (cumulative 37066 / 547)
[resim-restore] scoped skip: checked=27 moved=0 (cumulative 37093 / 547)
[resim-restore] scoped skip: checked=27 moved=0 (cumulative 37120 / 547)
[resim-restore] scoped skip: checked=93 moved=2 (cumulative 37213 / 549)
[resim-restore] scoped skip: checked=27 moved=0 (cumulative 37240 / 549)
[resim-restore] scoped skip: checked=27 moved=0 (cumulative 37267 / 549)
[resim-restore] scoped skip: checked=27 moved=0 (cumulative 37294 / 549)
[resim-restore] scoped skip: checked=97 moved=3 (cumulative 37391 / 552)
[resim-restore] scoped skip: checked=27 moved=0 (cumulative 37418 / 552)
[resim-restore] scoped skip: checked=27 moved=0 (cumulative 37445 / 552)
[resim-restore] scoped skip: checked=27 moved=0 (cumulative 37472 / 552)
[resim-restore] scoped skip: checked=97 moved=3 (cumulative 37569 / 555)
[resim-restore] scoped skip: checked=27 moved=0 (cumulative 37596 / 555)
[resim-restore] scoped skip: checked=27 moved=0 (cumulative 37623 / 555)
[resim-restore] scoped skip: checked=27 moved=0 (cumulative 37650 / 555)
[resim-restore] scoped skip: checked=99 moved=3 (cumulative 37749 / 558)
[resim-restore] scoped skip: checked=27 moved=0 (cumulative 37776 / 558)
[resim-restore] scoped skip: checked=27 moved=0 (cumulative 37803 / 558)
[resim-restore] scoped skip: checked=27 moved=0 (cumulative 37830 / 558)
[resim-restore] scoped skip: checked=102 moved=3 (cumulative 37932 / 561)
[resim-restore] scoped skip: checked=27 moved=0 (cumulative 37959 / 561)
[resim-restore] scoped skip: checked=27 moved=0 (cumulative 37986 / 561)
[resim-restore] scoped skip: checked=27 moved=0 (cumulative 38013 / 561)
[resim-restore] scoped skip: checked=97 moved=4 (cumulative 38110 / 565)
[resim-restore] scoped skip: checked=27 moved=0 (cumulative 38137 / 565)
[resim-restore] scoped skip: checked=27 moved=0 (cumulative 38164 / 565)
[resim-restore] scoped skip: checked=27 moved=0 (cumulative 38191 / 565)
[resim-restore] scoped skip: checked=97 moved=6 (cumulative 38288 / 571)
[resim-restore] scoped skip: checked=27 moved=0 (cumulative 38315 / 571)
[resim-restore] scoped skip: checked=27 moved=0 (cumulative 38342 / 571)
[resim-restore] scoped skip: checked=27 moved=0 (cumulative 38369 / 571)
[resim-restore] scoped skip: checked=93 moved=2 (cumulative 38462 / 573)
[resim-restore] scoped skip: checked=27 moved=0 (cumulative 38489 / 573)
[resim-restore] scoped skip: checked=27 moved=0 (cumulative 38516 / 573)
[resim-restore] scoped skip: checked=27 moved=0 (cumulative 38543 / 573)
[resim-restore] scoped skip: checked=96 moved=2 (cumulative 38639 / 575)
[resim-restore] scoped skip: checked=27 moved=0 (cumulative 38666 / 575)
[resim-restore] scoped skip: checked=27 moved=0 (cumulative 38693 / 575)
[resim-restore] scoped skip: checked=27 moved=0 (cumulative 38720 / 575)
[resim-restore] scoped skip: checked=94 moved=1 (cumulative 38814 / 576)
[resim-restore] scoped skip: checked=27 moved=0 (cumulative 38841 / 576)
[resim-restore] scoped skip: checked=27 moved=0 (cumulative 38868 / 576)
[resim-restore] scoped skip: checked=27 moved=0 (cumulative 38895 / 576)
[resim-restore] scoped skip: checked=93 moved=0 (cumulative 38988 / 576)
[resim-restore] scoped skip: checked=27 moved=0 (cumulative 39015 / 576)
[resim-restore] scoped skip: checked=27 moved=0 (cumulative 39042 / 576)
[resim-restore] scoped skip: checked=27 moved=0 (cumulative 39069 / 576)
[resim-restore] scoped skip: checked=96 moved=1 (cumulative 39165 / 577)
[resim-restore] scoped skip: checked=27 moved=0 (cumulative 39192 / 577)
[resim-restore] scoped skip: checked=27 moved=0 (cumulative 39219 / 577)
[resim-restore] scoped skip: checked=27 moved=0 (cumulative 39246 / 577)
[resim-restore] scoped skip: checked=97 moved=1 (cumulative 39343 / 578)
[resim-restore] scoped skip: checked=27 moved=0 (cumulative 39370 / 578)
[resim-restore] scoped skip: checked=27 moved=0 (cumulative 39397 / 578)
[resim-restore] scoped skip: checked=27 moved=0 (cumulative 39424 / 578)
[resim-restore] scoped skip: checked=99 moved=0 (cumulative 39523 / 578)
[resim-restore] scoped skip: checked=27 moved=0 (cumulative 39550 / 578)
[resim-restore] scoped skip: checked=27 moved=0 (cumulative 39577 / 578)
[resim-restore] scoped skip: checked=27 moved=0 (cumulative 39604 / 578)
[resim-restore] scoped skip: checked=103 moved=2 (cumulative 39707 / 580)
[resim-restore] scoped skip: checked=27 moved=0 (cumulative 39734 / 580)
[resim-restore] scoped skip: checked=27 moved=0 (cumulative 39761 / 580)
[resim-restore] scoped skip: checked=27 moved=0 (cumulative 39788 / 580)
[resim-restore] scoped skip: checked=103 moved=1 (cumulative 39891 / 581)
[resim-restore] scoped skip: checked=27 moved=0 (cumulative 39918 / 581)
[resim-restore] scoped skip: checked=27 moved=0 (cumulative 39945 / 581)
[resim-restore] scoped skip: checked=27 moved=0 (cumulative 39972 / 581)
[resim-restore] scoped skip: checked=105 moved=2 (cumulative 40077 / 583)
[resim-restore] scoped skip: checked=27 moved=0 (cumulative 40104 / 583)
[resim-restore] scoped skip: checked=27 moved=0 (cumulative 40131 / 583)
[resim-restore] scoped skip: checked=27 moved=0 (cumulative 40158 / 583)
[resim-restore] scoped skip: checked=104 moved=2 (cumulative 40262 / 585)
[resim-restore] scoped skip: checked=27 moved=0 (cumulative 40289 / 585)
[resim-restore] scoped skip: checked=27 moved=0 (cumulative 40316 / 585)
[resim-restore] scoped skip: checked=27 moved=0 (cumulative 40343 / 585)
[resim-restore] scoped skip: checked=106 moved=3 (cumulative 40449 / 588)
[resim-restore] scoped skip: checked=27 moved=0 (cumulative 40476 / 588)
[resim-restore] scoped skip: checked=27 moved=0 (cumulative 40503 / 588)
[resim-restore] scoped skip: checked=27 moved=0 (cumulative 40530 / 588)
[resim-restore] scoped skip: checked=103 moved=4 (cumulative 40633 / 592)
[resim-restore] scoped skip: checked=27 moved=0 (cumulative 40660 / 592)
[resim-restore] scoped skip: checked=27 moved=0 (cumulative 40687 / 592)
[resim-restore] scoped skip: checked=27 moved=0 (cumulative 40714 / 592)
[resim-restore] scoped skip: checked=101 moved=5 (cumulative 40815 / 597)
[resim-restore] scoped skip: checked=27 moved=0 (cumulative 40842 / 597)
[resim-restore] scoped skip: checked=27 moved=0 (cumulative 40869 / 597)
[resim-restore] scoped skip: checked=27 moved=0 (cumulative 40896 / 597)
[resim-restore] scoped skip: checked=100 moved=5 (cumulative 40996 / 602)
[resim-restore] scoped skip: checked=27 moved=0 (cumulative 41023 / 602)
[resim-restore] scoped skip: checked=27 moved=0 (cumulative 41050 / 602)
[resim-restore] scoped skip: checked=27 moved=0 (cumulative 41077 / 602)
[resim-restore] scoped skip: checked=101 moved=7 (cumulative 41178 / 609)
[resim-restore] scoped skip: checked=27 moved=0 (cumulative 41205 / 609)
[resim-restore] scoped skip: checked=27 moved=0 (cumulative 41232 / 609)
[resim-restore] scoped skip: checked=27 moved=0 (cumulative 41259 / 609)
[resim-restore] scoped skip: checked=108 moved=6 (cumulative 41367 / 615)
[resim-restore] scoped skip: checked=27 moved=0 (cumulative 41394 / 615)
[resim-restore] scoped skip: checked=27 moved=0 (cumulative 41421 / 615)
[resim-restore] scoped skip: checked=27 moved=0 (cumulative 41448 / 615)
[resim-restore] scoped skip: checked=105 moved=6 (cumulative 41553 / 621)
[resim-restore] scoped skip: checked=27 moved=0 (cumulative 41580 / 621)
[resim-restore] scoped skip: checked=27 moved=0 (cumulative 41607 / 621)
[resim-restore] scoped skip: checked=27 moved=0 (cumulative 41634 / 621)
[resim-restore] scoped skip: checked=107 moved=5 (cumulative 41741 / 626)
[resim-restore] scoped skip: checked=27 moved=0 (cumulative 41768 / 626)
[resim-restore] scoped skip: checked=27 moved=0 (cumulative 41795 / 626)
[resim-restore] scoped skip: checked=27 moved=0 (cumulative 41822 / 626)
[resim-restore] scoped skip: checked=110 moved=3 (cumulative 41932 / 629)
[resim-restore] scoped skip: checked=27 moved=0 (cumulative 41959 / 629)
[resim-restore] scoped skip: checked=27 moved=0 (cumulative 41986 / 629)
[resim-restore] scoped skip: checked=27 moved=0 (cumulative 42013 / 629)
[resim-restore] scoped skip: checked=109 moved=3 (cumulative 42122 / 632)
[resim-restore] scoped skip: checked=27 moved=0 (cumulative 42149 / 632)
[resim-restore] scoped skip: checked=27 moved=0 (cumulative 42176 / 632)
[resim-restore] scoped skip: checked=27 moved=0 (cumulative 42203 / 632)
[resim-restore] scoped skip: checked=110 moved=4 (cumulative 42313 / 636)
[resim-restore] scoped skip: checked=27 moved=0 (cumulative 42340 / 636)
[resim-restore] scoped skip: checked=27 moved=0 (cumulative 42367 / 636)
[resim-restore] scoped skip: checked=27 moved=0 (cumulative 42394 / 636)
[resim-restore] scoped skip: checked=109 moved=5 (cumulative 42503 / 641)
[resim-restore] scoped skip: checked=27 moved=0 (cumulative 42530 / 641)
[resim-restore] scoped skip: checked=27 moved=0 (cumulative 42557 / 641)
[resim-restore] scoped skip: checked=27 moved=0 (cumulative 42584 / 641)
[resim-restore] scoped skip: checked=107 moved=5 (cumulative 42691 / 646)
[resim-restore] scoped skip: checked=27 moved=0 (cumulative 42718 / 646)
[resim-restore] scoped skip: checked=27 moved=0 (cumulative 42745 / 646)
[resim-restore] scoped skip: checked=27 moved=0 (cumulative 42772 / 646)
[resim-restore] scoped skip: checked=106 moved=6 (cumulative 42878 / 652)
[resim-restore] scoped skip: checked=27 moved=0 (cumulative 42905 / 652)
[resim-restore] scoped skip: checked=27 moved=0 (cumulative 42932 / 652)
[resim-restore] scoped skip: checked=27 moved=0 (cumulative 42959 / 652)
[resim-restore] scoped skip: checked=107 moved=6 (cumulative 43066 / 658)
[resim-restore] scoped skip: checked=27 moved=0 (cumulative 43093 / 658)
[resim-restore] scoped skip: checked=27 moved=0 (cumulative 43120 / 658)
[resim-restore] scoped skip: checked=27 moved=0 (cumulative 43147 / 658)
[resim-restore] scoped skip: checked=105 moved=4 (cumulative 43252 / 662)
[resim-restore] scoped skip: checked=27 moved=0 (cumulative 43279 / 662)
[resim-restore] scoped skip: checked=27 moved=0 (cumulative 43306 / 662)
[resim-restore] scoped skip: checked=27 moved=0 (cumulative 43333 / 662)
[resim-restore] scoped skip: checked=108 moved=5 (cumulative 43441 / 667)
[resim-restore] scoped skip: checked=27 moved=0 (cumulative 43468 / 667)
[resim-restore] scoped skip: checked=27 moved=0 (cumulative 43495 / 667)
[resim-restore] scoped skip: checked=27 moved=0 (cumulative 43522 / 667)
[bs-phase] calls=900 per-call ms: upload 0.145 kernel 0.042 readback 0.035 | prep 0.085 enqueue 0.082 sync 0.063 | host total 0.243 | skipped 0 of 900 | up 0.28 MB down 0.03 MB | PROBE empty 0.000 nullkernel1 0.000 nullkernel2 0.000 copy4B 0.000
[bond-stress-gpu] ticks=1800 attempts=900 ranOnDevice=900 checks=15245728 MISMATCHES=0 (count=0 removeSize=0 removeOrder=0 mask=0) firstBadTick=0 lastBadTick=0 refuse(noSolver=0 stale=0 pendingTopo=0 csr=0) STRESS_MISMATCH=0/92087088 big=0 maxRel=0.000e+00 BEND_MISMATCH=0 bendMaxRel=0.000e+00 OVERSET_MISMATCH=0/46043544 compactHits=0 misses=0 IMPULSE=0/46044030 impMaxRel=0.000e+00 PAYLOAD(n=46044030 node=0 normal=0 disp=0 centroid=0)
[bs-phase] calls=900 per-call ms: upload 0.176 kernel 0.038 readback 0.044 | prep 0.130 enqueue 0.065 sync 0.074 | host total 0.282 | skipped 0 of 900 | up 0.40 MB down 0.03 MB | PROBE empty 0.000 nullkernel1 0.000 nullkernel2 0.000 copy4B 0.000
[bond-stress-gpu] ticks=1800 attempts=900 ranOnDevice=900 checks=21672663 MISMATCHES=0 (count=0 removeSize=0 removeOrder=0 mask=0) firstBadTick=0 lastBadTick=0 refuse(noSolver=0 stale=0 pendingTopo=0 csr=0) STRESS_MISMATCH=0/133313648 big=0 maxRel=0.000e+00 BEND_MISMATCH=0 bendMaxRel=0.000e+00 OVERSET_MISMATCH=0/66656824 compactHits=0 misses=0 IMPULSE=0/66657294 impMaxRel=0.000e+00 PAYLOAD(n=66657294 node=0 normal=0 disp=0 centroid=0)
[bs-phase] calls=900 per-call ms: upload 0.174 kernel 0.039 readback 0.041 | prep 0.121 enqueue 0.070 sync 0.074 | host total 0.278 | skipped 0 of 900 | up 0.36 MB down 0.03 MB | PROBE empty 0.000 nullkernel1 0.000 nullkernel2 0.000 copy4B 0.000
[bond-stress-gpu] ticks=1800 attempts=900 ranOnDevice=900 checks=19600458 MISMATCHES=0 (count=0 removeSize=0 removeOrder=0 mask=0) firstBadTick=0 lastBadTick=0 refuse(noSolver=0 stale=0 pendingTopo=0 csr=0) STRESS_MISMATCH=0/120265440 big=0 maxRel=0.000e+00 BEND_MISMATCH=0 bendMaxRel=0.000e+00 OVERSET_MISMATCH=0/60132720 compactHits=0 misses=0 IMPULSE=0/60133180 impMaxRel=0.000e+00 PAYLOAD(n=60133180 node=0 normal=0 disp=0 centroid=0)
[bs-phase] calls=900 per-call ms: upload 0.267 kernel 0.146 readback 0.022 | prep 0.256 enqueue 0.175 sync 0.009 | host total 0.452 | skipped 0 of 900 | up 0.84 MB down 0.04 MB | PROBE empty 0.000 nullkernel1 0.000 nullkernel2 0.000 copy4B 0.000
[bond-stress-gpu] ticks=1800 attempts=900 ranOnDevice=900 checks=21672826 MISMATCHES=0 (count=0 removeSize=0 removeOrder=0 mask=0) firstBadTick=0 lastBadTick=0 refuse(noSolver=0 stale=0 pendingTopo=0 csr=0) STRESS_MISMATCH=0/124467566 big=0 maxRel=0.000e+00 BEND_MISMATCH=0 bendMaxRel=0.000e+00 OVERSET_MISMATCH=0/62233783 compactHits=0 misses=0 IMPULSE=0/62234416 impMaxRel=0.000e+00 PAYLOAD(n=62234416 node=0 normal=0 disp=0 centroid=0)
[resim-restore] scoped skip: checked=108 moved=5 (cumulative 43630 / 672)
[resim-restore] scoped skip: checked=27 moved=0 (cumulative 43657 / 672)
[resim-restore] scoped skip: checked=27 moved=0 (cumulative 43684 / 672)
[resim-restore] scoped skip: checked=27 moved=0 (cumulative 43711 / 672)
[resim-restore] scoped skip: checked=109 moved=4 (cumulative 43820 / 676)
[resim-restore] scoped skip: checked=27 moved=0 (cumulative 43847 / 676)
[resim-restore] scoped skip: checked=27 moved=0 (cumulative 43874 / 676)
[resim-restore] scoped skip: checked=27 moved=0 (cumulative 43901 / 676)
[resim-restore] scoped skip: checked=110 moved=3 (cumulative 44011 / 679)
[resim-restore] scoped skip: checked=27 moved=0 (cumulative 44038 / 679)
[resim-restore] scoped skip: checked=27 moved=0 (cumulative 44065 / 679)
[resim-restore] scoped skip: checked=27 moved=0 (cumulative 44092 / 679)
[resim-restore] scoped skip: checked=109 moved=3 (cumulative 44201 / 682)
[resim-restore] scoped skip: checked=27 moved=0 (cumulative 44228 / 682)
[resim-restore] scoped skip: checked=27 moved=0 (cumulative 44255 / 682)
[resim-restore] scoped skip: checked=27 moved=0 (cumulative 44282 / 682)
[resim-restore] scoped skip: checked=113 moved=7 (cumulative 44395 / 689)
[resim-restore] scoped skip: checked=27 moved=0 (cumulative 44422 / 689)
[resim-restore] scoped skip: checked=27 moved=0 (cumulative 44449 / 689)
[resim-restore] scoped skip: checked=27 moved=0 (cumulative 44476 / 689)
tick    600  bodies   2365  awake   2171  broken    7786  solve 15.13 ms  | begin 0.65 solve 12.20 end 0.93 readback 0.17 events 0.00 filters 0.00 ccd 0.00 support 1.18 shape 0.00 => gap 0.00 ms  quiet 3108  pairs 4130
            topo 0.92 (frac 0.92 + valid 0.00)                   pts/pair 0.19  islands skipped 25/101657 (0%)
            fracture: gen 0.44 prep 0.00 apply 0.00 scene 0.00 rebuild 0.00 valid 0.00 | rest 0.48
            physx step 15.92 ms avg over 300 ticks  (last: gpu_wait 3.55 fetch_copy 0.72, contacts hw 23362)
[resim-restore] scoped skip: checked=113 moved=6 (cumulative 44589 / 695)
[resim-restore] scoped skip: checked=27 moved=0 (cumulative 44616 / 695)
[resim-restore] scoped skip: checked=27 moved=0 (cumulative 44643 / 695)
[resim-restore] scoped skip: checked=27 moved=0 (cumulative 44670 / 695)
[resim-restore] scoped skip: checked=115 moved=5 (cumulative 44785 / 700)
[resim-restore] scoped skip: checked=27 moved=0 (cumulative 44812 / 700)
[resim-restore] scoped skip: checked=27 moved=0 (cumulative 44839 / 700)
[resim-restore] scoped skip: checked=27 moved=0 (cumulative 44866 / 700)
[resim-restore] scoped skip: checked=114 moved=6 (cumulative 44980 / 706)
[resim-restore] scoped skip: checked=27 moved=0 (cumulative 45007 / 706)
[resim-restore] scoped skip: checked=27 moved=0 (cumulative 45034 / 706)
[resim-restore] scoped skip: checked=27 moved=0 (cumulative 45061 / 706)
[resim-restore] scoped skip: checked=117 moved=7 (cumulative 45178 / 713)
[resim-restore] scoped skip: checked=27 moved=0 (cumulative 45205 / 713)
[resim-restore] scoped skip: checked=27 moved=0 (cumulative 45232 / 713)
[resim-restore] scoped skip: checked=27 moved=0 (cumulative 45259 / 713)
[resim-restore] scoped skip: checked=115 moved=7 (cumulative 45374 / 720)
[resim-restore] scoped skip: checked=27 moved=0 (cumulative 45401 / 720)
[resim-restore] scoped skip: checked=27 moved=0 (cumulative 45428 / 720)
[resim-restore] scoped skip: checked=27 moved=0 (cumulative 45455 / 720)
[resim-restore] scoped skip: checked=116 moved=9 (cumulative 45571 / 729)
[resim-restore] scoped skip: checked=27 moved=0 (cumulative 45598 / 729)
[resim-restore] scoped skip: checked=27 moved=0 (cumulative 45625 / 729)
[resim-restore] scoped skip: checked=27 moved=0 (cumulative 45652 / 729)
[resim-restore] scoped skip: checked=122 moved=8 (cumulative 45774 / 737)
[resim-restore] scoped skip: checked=27 moved=0 (cumulative 45801 / 737)
[resim-restore] scoped skip: checked=27 moved=0 (cumulative 45828 / 737)
[resim-restore] scoped skip: checked=27 moved=0 (cumulative 45855 / 737)
[resim-restore] scoped skip: checked=128 moved=7 (cumulative 45983 / 744)
[resim-restore] scoped skip: checked=27 moved=0 (cumulative 46010 / 744)
[resim-restore] scoped skip: checked=27 moved=0 (cumulative 46037 / 744)
[resim-restore] scoped skip: checked=27 moved=0 (cumulative 46064 / 744)
[resim-restore] scoped skip: checked=129 moved=6 (cumulative 46193 / 750)
[resim-restore] scoped skip: checked=27 moved=0 (cumulative 46220 / 750)
[resim-restore] scoped skip: checked=27 moved=0 (cumulative 46247 / 750)
[resim-restore] scoped skip: checked=27 moved=0 (cumulative 46274 / 750)
[resim-restore] scoped skip: checked=133 moved=6 (cumulative 46407 / 756)
[resim-restore] scoped skip: checked=27 moved=0 (cumulative 46434 / 756)
[resim-restore] scoped skip: checked=27 moved=0 (cumulative 46461 / 756)
[resim-restore] scoped skip: checked=27 moved=0 (cumulative 46488 / 756)
[resim-restore] scoped skip: checked=130 moved=6 (cumulative 46618 / 762)
[resim-restore] scoped skip: checked=27 moved=0 (cumulative 46645 / 762)
[resim-restore] scoped skip: checked=27 moved=0 (cumulative 46672 / 762)
[resim-restore] scoped skip: checked=27 moved=0 (cumulative 46699 / 762)
[resim-restore] scoped skip: checked=122 moved=1 (cumulative 46821 / 763)
[resim-restore] scoped skip: checked=27 moved=0 (cumulative 46848 / 763)
[resim-restore] scoped skip: checked=27 moved=0 (cumulative 46875 / 763)
[resim-restore] scoped skip: checked=27 moved=0 (cumulative 46902 / 763)
[resim-restore] scoped skip: checked=123 moved=3 (cumulative 47025 / 766)
[resim-restore] scoped skip: checked=27 moved=0 (cumulative 47052 / 766)
[resim-restore] scoped skip: checked=27 moved=0 (cumulative 47079 / 766)
[resim-restore] scoped skip: checked=27 moved=0 (cumulative 47106 / 766)
[resim-restore] scoped skip: checked=121 moved=2 (cumulative 47227 / 768)
[resim-restore] scoped skip: checked=27 moved=0 (cumulative 47254 / 768)
[resim-restore] scoped skip: checked=27 moved=0 (cumulative 47281 / 768)
[resim-restore] scoped skip: checked=27 moved=0 (cumulative 47308 / 768)
[resim-restore] scoped skip: checked=118 moved=2 (cumulative 47426 / 770)
[resim-restore] scoped skip: checked=27 moved=0 (cumulative 47453 / 770)
[resim-restore] scoped skip: checked=27 moved=0 (cumulative 47480 / 770)
[resim-restore] scoped skip: checked=27 moved=0 (cumulative 47507 / 770)
[resim-restore] scoped skip: checked=128 moved=2 (cumulative 47635 / 772)
[resim-restore] scoped skip: checked=27 moved=0 (cumulative 47662 / 772)
[resim-restore] scoped skip: checked=27 moved=0 (cumulative 47689 / 772)
[resim-restore] scoped skip: checked=27 moved=0 (cumulative 47716 / 772)
[resim-restore] scoped skip: checked=129 moved=3 (cumulative 47845 / 775)
[resim-restore] scoped skip: checked=27 moved=0 (cumulative 47872 / 775)
[resim-restore] scoped skip: checked=27 moved=0 (cumulative 47899 / 775)
[resim-restore] scoped skip: checked=27 moved=0 (cumulative 47926 / 775)
[resim-restore] scoped skip: checked=131 moved=3 (cumulative 48057 / 778)
[resim-restore] scoped skip: checked=27 moved=0 (cumulative 48084 / 778)
[resim-restore] scoped skip: checked=27 moved=0 (cumulative 48111 / 778)
[resim-restore] scoped skip: checked=27 moved=0 (cumulative 48138 / 778)
[resim-restore] scoped skip: checked=131 moved=5 (cumulative 48269 / 783)
[resim-restore] scoped skip: checked=27 moved=0 (cumulative 48296 / 783)
[resim-restore] scoped skip: checked=27 moved=0 (cumulative 48323 / 783)
[resim-restore] scoped skip: checked=27 moved=0 (cumulative 48350 / 783)
[resim-restore] scoped skip: checked=131 moved=5 (cumulative 48481 / 788)
[resim-restore] scoped skip: checked=27 moved=0 (cumulative 48508 / 788)
[resim-restore] scoped skip: checked=27 moved=0 (cumulative 48535 / 788)
[resim-restore] scoped skip: checked=27 moved=0 (cumulative 48562 / 788)
[resim-restore] scoped skip: checked=131 moved=4 (cumulative 48693 / 792)
[resim-restore] scoped skip: checked=27 moved=0 (cumulative 48720 / 792)
[resim-restore] scoped skip: checked=27 moved=0 (cumulative 48747 / 792)
[resim-restore] scoped skip: checked=27 moved=0 (cumulative 48774 / 792)
[resim-restore] scoped skip: checked=134 moved=4 (cumulative 48908 / 796)
[resim-restore] scoped skip: checked=27 moved=0 (cumulative 48935 / 796)
[resim-restore] scoped skip: checked=27 moved=0 (cumulative 48962 / 796)
[resim-restore] scoped skip: checked=27 moved=0 (cumulative 48989 / 796)
[resim-restore] scoped skip: checked=146 moved=3 (cumulative 49135 / 799)
[resim-restore] scoped skip: checked=27 moved=0 (cumulative 49162 / 799)
[resim-restore] scoped skip: checked=27 moved=0 (cumulative 49189 / 799)
[resim-restore] scoped skip: checked=27 moved=0 (cumulative 49216 / 799)
[resim-restore] scoped skip: checked=144 moved=4 (cumulative 49360 / 803)
[resim-restore] scoped skip: checked=27 moved=0 (cumulative 49387 / 803)
[resim-restore] scoped skip: checked=27 moved=0 (cumulative 49414 / 803)
[resim-restore] scoped skip: checked=27 moved=0 (cumulative 49441 / 803)
[resim-restore] scoped skip: checked=144 moved=2 (cumulative 49585 / 805)
[resim-restore] scoped skip: checked=27 moved=0 (cumulative 49612 / 805)
[resim-restore] scoped skip: checked=27 moved=0 (cumulative 49639 / 805)
[resim-restore] scoped skip: checked=27 moved=0 (cumulative 49666 / 805)
[resim-restore] scoped skip: checked=141 moved=3 (cumulative 49807 / 808)
[resim-restore] scoped skip: checked=27 moved=0 (cumulative 49834 / 808)
[resim-restore] scoped skip: checked=27 moved=0 (cumulative 49861 / 808)
[resim-restore] scoped skip: checked=27 moved=0 (cumulative 49888 / 808)
[resim-restore] scoped skip: checked=147 moved=5 (cumulative 50035 / 813)
[resim-restore] scoped skip: checked=27 moved=0 (cumulative 50062 / 813)
[resim-restore] scoped skip: checked=27 moved=0 (cumulative 50089 / 813)
[resim-restore] scoped skip: checked=27 moved=0 (cumulative 50116 / 813)
[resim-restore] scoped skip: checked=148 moved=3 (cumulative 50264 / 816)
[resim-restore] scoped skip: checked=27 moved=0 (cumulative 50291 / 816)
[resim-restore] scoped skip: checked=27 moved=0 (cumulative 50318 / 816)
[resim-restore] scoped skip: checked=27 moved=0 (cumulative 50345 / 816)
[resim-restore] scoped skip: checked=145 moved=2 (cumulative 50490 / 818)
[resim-restore] scoped skip: checked=27 moved=0 (cumulative 50517 / 818)
[resim-restore] scoped skip: checked=27 moved=0 (cumulative 50544 / 818)
[resim-restore] scoped skip: checked=27 moved=0 (cumulative 50571 / 818)
[resim-restore] scoped skip: checked=144 moved=2 (cumulative 50715 / 820)
[resim-restore] scoped skip: checked=27 moved=0 (cumulative 50742 / 820)
[resim-restore] scoped skip: checked=27 moved=0 (cumulative 50769 / 820)
[resim-restore] scoped skip: checked=27 moved=0 (cumulative 50796 / 820)
[resim-restore] scoped skip: checked=150 moved=2 (cumulative 50946 / 822)
[resim-restore] scoped skip: checked=27 moved=0 (cumulative 50973 / 822)
[resim-restore] scoped skip: checked=27 moved=0 (cumulative 51000 / 822)
[resim-restore] scoped skip: checked=27 moved=0 (cumulative 51027 / 822)
[resim-restore] scoped skip: checked=147 moved=2 (cumulative 51174 / 824)
[resim-restore] scoped skip: checked=27 moved=0 (cumulative 51201 / 824)
[resim-restore] scoped skip: checked=27 moved=0 (cumulative 51228 / 824)
[resim-restore] scoped skip: checked=27 moved=0 (cumulative 51255 / 824)
[resim-restore] scoped skip: checked=147 moved=2 (cumulative 51402 / 826)
[resim-restore] scoped skip: checked=27 moved=0 (cumulative 51429 / 826)
[resim-restore] scoped skip: checked=27 moved=0 (cumulative 51456 / 826)
[resim-restore] scoped skip: checked=27 moved=0 (cumulative 51483 / 826)
[resim-restore] scoped skip: checked=143 moved=2 (cumulative 51626 / 828)
[resim-restore] scoped skip: checked=27 moved=0 (cumulative 51653 / 828)
[resim-restore] scoped skip: checked=27 moved=0 (cumulative 51680 / 828)
[resim-restore] scoped skip: checked=27 moved=0 (cumulative 51707 / 828)
[resim-restore] scoped skip: checked=146 moved=3 (cumulative 51853 / 831)
[resim-restore] scoped skip: checked=27 moved=0 (cumulative 51880 / 831)
[resim-restore] scoped skip: checked=27 moved=0 (cumulative 51907 / 831)
[resim-restore] scoped skip: checked=27 moved=0 (cumulative 51934 / 831)
[resim-restore] scoped skip: checked=148 moved=4 (cumulative 52082 / 835)
[resim-restore] scoped skip: checked=27 moved=0 (cumulative 52109 / 835)
[resim-restore] scoped skip: checked=27 moved=0 (cumulative 52136 / 835)
[resim-restore] scoped skip: checked=27 moved=0 (cumulative 52163 / 835)
[resim-restore] scoped skip: checked=155 moved=6 (cumulative 52318 / 841)
[resim-restore] scoped skip: checked=27 moved=0 (cumulative 52345 / 841)
[resim-restore] scoped skip: checked=27 moved=0 (cumulative 52372 / 841)
[resim-restore] scoped skip: checked=27 moved=0 (cumulative 52399 / 841)
[resim-restore] scoped skip: checked=150 moved=5 (cumulative 52549 / 846)
[resim-restore] scoped skip: checked=27 moved=0 (cumulative 52576 / 846)
[resim-restore] scoped skip: checked=27 moved=0 (cumulative 52603 / 846)
[resim-restore] scoped skip: checked=27 moved=0 (cumulative 52630 / 846)
[resim-restore] scoped skip: checked=156 moved=1 (cumulative 52786 / 847)
[resim-restore] scoped skip: checked=27 moved=0 (cumulative 52813 / 847)
[resim-restore] scoped skip: checked=27 moved=0 (cumulative 52840 / 847)
[resim-restore] scoped skip: checked=27 moved=0 (cumulative 52867 / 847)
[resim-restore] scoped skip: checked=166 moved=1 (cumulative 53033 / 848)
[resim-restore] scoped skip: checked=27 moved=0 (cumulative 53060 / 848)
[resim-restore] scoped skip: checked=27 moved=0 (cumulative 53087 / 848)
[resim-restore] scoped skip: checked=27 moved=0 (cumulative 53114 / 848)
[resim-restore] scoped skip: checked=161 moved=1 (cumulative 53275 / 849)
[resim-restore] scoped skip: checked=27 moved=0 (cumulative 53302 / 849)
[resim-restore] scoped skip: checked=27 moved=0 (cumulative 53329 / 849)
[resim-restore] scoped skip: checked=27 moved=0 (cumulative 53356 / 849)
[resim-restore] scoped skip: checked=164 moved=4 (cumulative 53520 / 853)
[resim-restore] scoped skip: checked=27 moved=0 (cumulative 53547 / 853)
[resim-restore] scoped skip: checked=27 moved=0 (cumulative 53574 / 853)
[resim-restore] scoped skip: checked=27 moved=0 (cumulative 53601 / 853)
[resim-restore] scoped skip: checked=166 moved=5 (cumulative 53767 / 858)
[resim-restore] scoped skip: checked=27 moved=0 (cumulative 53794 / 858)
[resim-restore] scoped skip: checked=27 moved=0 (cumulative 53821 / 858)
[resim-restore] scoped skip: checked=27 moved=0 (cumulative 53848 / 858)
[resim-restore] scoped skip: checked=164 moved=7 (cumulative 54012 / 865)
[resim-restore] scoped skip: checked=27 moved=0 (cumulative 54039 / 865)
[resim-restore] scoped skip: checked=27 moved=0 (cumulative 54066 / 865)
[resim-restore] scoped skip: checked=27 moved=0 (cumulative 54093 / 865)
[resim-restore] scoped skip: checked=161 moved=2 (cumulative 54254 / 867)
[resim-restore] scoped skip: checked=27 moved=0 (cumulative 54281 / 867)
[resim-restore] scoped skip: checked=27 moved=0 (cumulative 54308 / 867)
[resim-restore] scoped skip: checked=27 moved=0 (cumulative 54335 / 867)
[resim-restore] scoped skip: checked=161 moved=2 (cumulative 54496 / 869)
[resim-restore] scoped skip: checked=27 moved=0 (cumulative 54523 / 869)
[resim-restore] scoped skip: checked=27 moved=0 (cumulative 54550 / 869)
[resim-restore] scoped skip: checked=27 moved=0 (cumulative 54577 / 869)
[resim-restore] scoped skip: checked=164 moved=3 (cumulative 54741 / 872)
[resim-restore] scoped skip: checked=27 moved=0 (cumulative 54768 / 872)
[resim-restore] scoped skip: checked=27 moved=0 (cumulative 54795 / 872)
[resim-restore] scoped skip: checked=27 moved=0 (cumulative 54822 / 872)
[resim-restore] scoped skip: checked=176 moved=4 (cumulative 54998 / 876)
[resim-restore] scoped skip: checked=27 moved=0 (cumulative 55025 / 876)
[resim-restore] scoped skip: checked=27 moved=0 (cumulative 55052 / 876)
[resim-restore] scoped skip: checked=27 moved=0 (cumulative 55079 / 876)
[resim-restore] scoped skip: checked=177 moved=4 (cumulative 55256 / 880)
[resim-restore] scoped skip: checked=27 moved=0 (cumulative 55283 / 880)
[resim-restore] scoped skip: checked=27 moved=0 (cumulative 55310 / 880)
[resim-restore] scoped skip: checked=27 moved=0 (cumulative 55337 / 880)
[resim-restore] scoped skip: checked=175 moved=4 (cumulative 55512 / 884)
[resim-restore] scoped skip: checked=27 moved=0 (cumulative 55539 / 884)
[resim-restore] scoped skip: checked=27 moved=0 (cumulative 55566 / 884)
[resim-restore] scoped skip: checked=27 moved=0 (cumulative 55593 / 884)
[resim-restore] scoped skip: checked=177 moved=1 (cumulative 55770 / 885)
[resim-restore] scoped skip: checked=27 moved=0 (cumulative 55797 / 885)
[resim-restore] scoped skip: checked=27 moved=0 (cumulative 55824 / 885)
[resim-restore] scoped skip: checked=27 moved=0 (cumulative 55851 / 885)
[resim-restore] scoped skip: checked=177 moved=2 (cumulative 56028 / 887)
[resim-restore] scoped skip: checked=27 moved=0 (cumulative 56055 / 887)
[resim-restore] scoped skip: checked=27 moved=0 (cumulative 56082 / 887)
[resim-restore] scoped skip: checked=27 moved=0 (cumulative 56109 / 887)
[resim-restore] scoped skip: checked=176 moved=1 (cumulative 56285 / 888)
[resim-restore] scoped skip: checked=27 moved=0 (cumulative 56312 / 888)
[resim-restore] scoped skip: checked=27 moved=0 (cumulative 56339 / 888)
[resim-restore] scoped skip: checked=27 moved=0 (cumulative 56366 / 888)
[resim-restore] scoped skip: checked=192 moved=1 (cumulative 56558 / 889)
[resim-restore] scoped skip: checked=27 moved=0 (cumulative 56585 / 889)
[resim-restore] scoped skip: checked=27 moved=0 (cumulative 56612 / 889)
[resim-restore] scoped skip: checked=27 moved=0 (cumulative 56639 / 889)
[resim-restore] scoped skip: checked=198 moved=1 (cumulative 56837 / 890)
[resim-restore] scoped skip: checked=27 moved=0 (cumulative 56864 / 890)
[resim-restore] scoped skip: checked=27 moved=0 (cumulative 56891 / 890)
[resim-restore] scoped skip: checked=27 moved=0 (cumulative 56918 / 890)
[resim-restore] scoped skip: checked=214 moved=2 (cumulative 57132 / 892)
[resim-restore] scoped skip: checked=27 moved=0 (cumulative 57159 / 892)
[resim-restore] scoped skip: checked=27 moved=0 (cumulative 57186 / 892)
[resim-restore] scoped skip: checked=27 moved=0 (cumulative 57213 / 892)
[resim-restore] scoped skip: checked=208 moved=2 (cumulative 57421 / 894)
[resim-restore] scoped skip: checked=27 moved=0 (cumulative 57448 / 894)
[resim-restore] scoped skip: checked=27 moved=0 (cumulative 57475 / 894)
[resim-restore] scoped skip: checked=27 moved=0 (cumulative 57502 / 894)
[resim-restore] scoped skip: checked=218 moved=12 (cumulative 57720 / 906)
[resim-restore] scoped skip: checked=27 moved=0 (cumulative 57747 / 906)
[resim-restore] scoped skip: checked=27 moved=0 (cumulative 57774 / 906)
[resim-restore] scoped skip: checked=27 moved=0 (cumulative 57801 / 906)
[resim-restore] scoped skip: checked=219 moved=13 (cumulative 58020 / 919)
[resim-restore] scoped skip: checked=27 moved=0 (cumulative 58047 / 919)
[resim-restore] scoped skip: checked=27 moved=0 (cumulative 58074 / 919)
[resim-restore] scoped skip: checked=27 moved=0 (cumulative 58101 / 919)
[resim-restore] scoped skip: checked=215 moved=14 (cumulative 58316 / 933)
[resim-restore] scoped skip: checked=27 moved=0 (cumulative 58343 / 933)
[resim-restore] scoped skip: checked=27 moved=0 (cumulative 58370 / 933)
[resim-restore] scoped skip: checked=27 moved=0 (cumulative 58397 / 933)
[resim-restore] scoped skip: checked=221 moved=13 (cumulative 58618 / 946)
[resim-restore] scoped skip: checked=27 moved=0 (cumulative 58645 / 946)
[resim-restore] scoped skip: checked=27 moved=0 (cumulative 58672 / 946)
[resim-restore] scoped skip: checked=27 moved=0 (cumulative 58699 / 946)
[resim-restore] scoped skip: checked=221 moved=13 (cumulative 58920 / 959)
[resim-restore] scoped skip: checked=27 moved=0 (cumulative 58947 / 959)
[resim-restore] scoped skip: checked=27 moved=0 (cumulative 58974 / 959)
[resim-restore] scoped skip: checked=27 moved=0 (cumulative 59001 / 959)
[resim-restore] scoped skip: checked=221 moved=14 (cumulative 59222 / 973)
[resim-restore] scoped skip: checked=27 moved=0 (cumulative 59249 / 973)
[resim-restore] scoped skip: checked=27 moved=0 (cumulative 59276 / 973)
[resim-restore] scoped skip: checked=27 moved=0 (cumulative 59303 / 973)
[resim-restore] scoped skip: checked=226 moved=14 (cumulative 59529 / 987)
[resim-restore] scoped skip: checked=27 moved=0 (cumulative 59556 / 987)
[resim-restore] scoped skip: checked=27 moved=0 (cumulative 59583 / 987)
[resim-restore] scoped skip: checked=27 moved=0 (cumulative 59610 / 987)
[resim-restore] scoped skip: checked=223 moved=15 (cumulative 59833 / 1002)
[resim-restore] scoped skip: checked=27 moved=0 (cumulative 59860 / 1002)
[resim-restore] scoped skip: checked=27 moved=0 (cumulative 59887 / 1002)
[resim-restore] scoped skip: checked=27 moved=0 (cumulative 59914 / 1002)
[resim-restore] scoped skip: checked=223 moved=14 (cumulative 60137 / 1016)
[resim-restore] scoped skip: checked=27 moved=0 (cumulative 60164 / 1016)
[resim-restore] scoped skip: checked=27 moved=0 (cumulative 60191 / 1016)
[resim-restore] scoped skip: checked=27 moved=0 (cumulative 60218 / 1016)
[resim-restore] scoped skip: checked=226 moved=13 (cumulative 60444 / 1029)
[resim-restore] scoped skip: checked=27 moved=0 (cumulative 60471 / 1029)
[resim-restore] scoped skip: checked=27 moved=0 (cumulative 60498 / 1029)
[resim-restore] scoped skip: checked=27 moved=0 (cumulative 60525 / 1029)
[resim-restore] scoped skip: checked=232 moved=14 (cumulative 60757 / 1043)
[resim-restore] scoped skip: checked=27 moved=0 (cumulative 60784 / 1043)
[resim-restore] scoped skip: checked=27 moved=0 (cumulative 60811 / 1043)
[resim-restore] scoped skip: checked=27 moved=0 (cumulative 60838 / 1043)
[resim-restore] scoped skip: checked=233 moved=5 (cumulative 61071 / 1048)
[resim-restore] scoped skip: checked=27 moved=0 (cumulative 61098 / 1048)
[resim-restore] scoped skip: checked=27 moved=0 (cumulative 61125 / 1048)
[resim-restore] scoped skip: checked=27 moved=0 (cumulative 61152 / 1048)
[resim-restore] scoped skip: checked=232 moved=5 (cumulative 61384 / 1053)
[resim-restore] scoped skip: checked=27 moved=0 (cumulative 61411 / 1053)
[resim-restore] scoped skip: checked=27 moved=0 (cumulative 61438 / 1053)
[resim-restore] scoped skip: checked=27 moved=0 (cumulative 61465 / 1053)
[resim-restore] scoped skip: checked=250 moved=6 (cumulative 61715 / 1059)
[resim-restore] scoped skip: checked=27 moved=0 (cumulative 61742 / 1059)
[resim-restore] scoped skip: checked=27 moved=0 (cumulative 61769 / 1059)
[resim-restore] scoped skip: checked=27 moved=0 (cumulative 61796 / 1059)
[resim-restore] scoped skip: checked=240 moved=5 (cumulative 62036 / 1064)
[resim-restore] scoped skip: checked=27 moved=0 (cumulative 62063 / 1064)
[resim-restore] scoped skip: checked=27 moved=0 (cumulative 62090 / 1064)
[resim-restore] scoped skip: checked=27 moved=0 (cumulative 62117 / 1064)
[resim-restore] scoped skip: checked=241 moved=4 (cumulative 62358 / 1068)
[resim-restore] scoped skip: checked=27 moved=0 (cumulative 62385 / 1068)
[resim-restore] scoped skip: checked=27 moved=0 (cumulative 62412 / 1068)
[resim-restore] scoped skip: checked=27 moved=0 (cumulative 62439 / 1068)
[resim-restore] scoped skip: checked=243 moved=3 (cumulative 62682 / 1071)
[resim-restore] scoped skip: checked=27 moved=0 (cumulative 62709 / 1071)
[resim-restore] scoped skip: checked=27 moved=0 (cumulative 62736 / 1071)
[resim-restore] scoped skip: checked=27 moved=0 (cumulative 62763 / 1071)
[resim-restore] scoped skip: checked=240 moved=3 (cumulative 63003 / 1074)
[resim-restore] scoped skip: checked=27 moved=0 (cumulative 63030 / 1074)
[resim-restore] scoped skip: checked=27 moved=0 (cumulative 63057 / 1074)
[resim-restore] scoped skip: checked=27 moved=0 (cumulative 63084 / 1074)
[resim-restore] scoped skip: checked=245 moved=3 (cumulative 63329 / 1077)
[resim-restore] scoped skip: checked=27 moved=0 (cumulative 63356 / 1077)
[resim-restore] scoped skip: checked=27 moved=0 (cumulative 63383 / 1077)
[resim-restore] scoped skip: checked=27 moved=0 (cumulative 63410 / 1077)
[resim-restore] scoped skip: checked=224 moved=3 (cumulative 63634 / 1080)
[resim-restore] scoped skip: checked=27 moved=0 (cumulative 63661 / 1080)
[resim-restore] scoped skip: checked=27 moved=0 (cumulative 63688 / 1080)
[resim-restore] scoped skip: checked=27 moved=0 (cumulative 63715 / 1080)
[resim-restore] scoped skip: checked=230 moved=3 (cumulative 63945 / 1083)
[resim-restore] scoped skip: checked=27 moved=0 (cumulative 63972 / 1083)
[resim-restore] scoped skip: checked=27 moved=0 (cumulative 63999 / 1083)
[resim-restore] scoped skip: checked=27 moved=0 (cumulative 64026 / 1083)
[resim-restore] scoped skip: checked=228 moved=3 (cumulative 64254 / 1086)
[resim-restore] scoped skip: checked=27 moved=0 (cumulative 64281 / 1086)
[resim-restore] scoped skip: checked=27 moved=0 (cumulative 64308 / 1086)
[resim-restore] scoped skip: checked=27 moved=0 (cumulative 64335 / 1086)
[resim-restore] scoped skip: checked=230 moved=5 (cumulative 64565 / 1091)
[resim-restore] scoped skip: checked=27 moved=0 (cumulative 64592 / 1091)
[resim-restore] scoped skip: checked=27 moved=0 (cumulative 64619 / 1091)
[resim-restore] scoped skip: checked=27 moved=0 (cumulative 64646 / 1091)
[bs-phase] calls=1200 per-call ms: upload 0.139 kernel 0.040 readback 0.035 | prep 0.083 enqueue 0.080 sync 0.059 | host total 0.234 | skipped 0 of 1200 | up 0.27 MB down 0.03 MB | PROBE empty 0.000 nullkernel1 0.000 nullkernel2 0.000 copy4B 0.000
[bond-stress-gpu] ticks=2400 attempts=1200 ranOnDevice=1200 checks=20333169 MISMATCHES=0 (count=0 removeSize=0 removeOrder=0 mask=0) firstBadTick=0 lastBadTick=0 refuse(noSolver=0 stale=0 pendingTopo=0 csr=0) STRESS_MISMATCH=0/122725254 big=0 maxRel=0.000e+00 BEND_MISMATCH=0 bendMaxRel=0.000e+00 OVERSET_MISMATCH=0/61362627 compactHits=0 misses=0 IMPULSE=0/61363154 impMaxRel=0.000e+00 PAYLOAD(n=61363154 node=0 normal=0 disp=0 centroid=0)
[bs-phase] calls=1200 per-call ms: upload 0.163 kernel 0.037 readback 0.039 | prep 0.116 enqueue 0.067 sync 0.067 | host total 0.262 | skipped 0 of 1200 | up 0.35 MB down 0.03 MB | PROBE empty 0.000 nullkernel1 0.000 nullkernel2 0.000 copy4B 0.000
[bond-stress-gpu] ticks=2400 attempts=1200 ranOnDevice=1200 checks=26141111 MISMATCHES=0 (count=0 removeSize=0 removeOrder=0 mask=0) firstBadTick=0 lastBadTick=0 refuse(noSolver=0 stale=0 pendingTopo=0 csr=0) STRESS_MISMATCH=0/160311358 big=0 maxRel=0.000e+00 BEND_MISMATCH=0 bendMaxRel=0.000e+00 OVERSET_MISMATCH=0/80155679 compactHits=0 misses=0 IMPULSE=0/80156192 impMaxRel=0.000e+00 PAYLOAD(n=80156192 node=0 normal=0 disp=0 centroid=0)
[bs-phase] calls=1200 per-call ms: upload 0.170 kernel 0.036 readback 0.044 | prep 0.128 enqueue 0.062 sync 0.070 | host total 0.273 | skipped 0 of 1200 | up 0.39 MB down 0.03 MB | PROBE empty 0.000 nullkernel1 0.000 nullkernel2 0.000 copy4B 0.000
[bond-stress-gpu] ticks=2400 attempts=1200 ranOnDevice=1200 checks=28904802 MISMATCHES=0 (count=0 removeSize=0 removeOrder=0 mask=0) firstBadTick=0 lastBadTick=0 refuse(noSolver=0 stale=0 pendingTopo=0 csr=0) STRESS_MISMATCH=0/177715574 big=0 maxRel=0.000e+00 BEND_MISMATCH=0 bendMaxRel=0.000e+00 OVERSET_MISMATCH=0/88857787 compactHits=0 misses=0 IMPULSE=0/88858296 impMaxRel=0.000e+00 PAYLOAD(n=88858296 node=0 normal=0 disp=0 centroid=0)
[bs-phase] calls=1200 per-call ms: upload 0.267 kernel 0.126 readback 0.021 | prep 0.256 enqueue 0.155 sync 0.008 | host total 0.432 | skipped 0 of 1200 | up 0.82 MB down 0.04 MB | PROBE empty 0.000 nullkernel1 0.000 nullkernel2 0.000 copy4B 0.000
[bond-stress-gpu] ticks=2400 attempts=1200 ranOnDevice=1200 checks=28905212 MISMATCHES=0 (count=0 removeSize=0 removeOrder=0 mask=0) firstBadTick=0 lastBadTick=0 refuse(noSolver=0 stale=0 pendingTopo=0 csr=0) STRESS_MISMATCH=0/163516674 big=0 maxRel=0.000e+00 BEND_MISMATCH=0 bendMaxRel=0.000e+00 OVERSET_MISMATCH=0/81758337 compactHits=0 misses=0 IMPULSE=0/81759256 impMaxRel=0.000e+00 PAYLOAD(n=81759256 node=0 normal=0 disp=0 centroid=0)
[fracture-candidates] ticks=1200 checks=72221 mismatches=0
[fracture-candidates] ticks=1200 checks=25156 mismatches=0
[fracture-candidates] ticks=1200 checks=23801 mismatches=0
[resim-restore] scoped skip: checked=237 moved=3 (cumulative 64883 / 1094)
[resim-restore] scoped skip: checked=27 moved=0 (cumulative 64910 / 1094)
[resim-restore] scoped skip: checked=27 moved=0 (cumulative 64937 / 1094)
[resim-restore] scoped skip: checked=27 moved=0 (cumulative 64964 / 1094)
[resim-restore] scoped skip: checked=237 moved=3 (cumulative 65201 / 1097)
[resim-restore] scoped skip: checked=27 moved=0 (cumulative 65228 / 1097)
[resim-restore] scoped skip: checked=27 moved=0 (cumulative 65255 / 1097)
[resim-restore] scoped skip: checked=27 moved=0 (cumulative 65282 / 1097)
[resim-restore] scoped skip: checked=238 moved=4 (cumulative 65520 / 1101)
[resim-restore] scoped skip: checked=27 moved=0 (cumulative 65547 / 1101)
[resim-restore] scoped skip: checked=27 moved=0 (cumulative 65574 / 1101)
[resim-restore] scoped skip: checked=27 moved=0 (cumulative 65601 / 1101)
[resim-restore] scoped skip: checked=241 moved=4 (cumulative 65842 / 1105)
[resim-restore] scoped skip: checked=27 moved=0 (cumulative 65869 / 1105)
[resim-restore] scoped skip: checked=27 moved=0 (cumulative 65896 / 1105)
[resim-restore] scoped skip: checked=27 moved=0 (cumulative 65923 / 1105)
[fracture-candidates] ticks=1200 checks=24177 mismatches=0
[resim-restore] scoped skip: checked=241 moved=3 (cumulative 66164 / 1108)
[resim-restore] scoped skip: checked=27 moved=0 (cumulative 66191 / 1108)
[resim-restore] scoped skip: checked=27 moved=0 (cumulative 66218 / 1108)
[resim-restore] scoped skip: checked=27 moved=0 (cumulative 66245 / 1108)
[resim-restore] scoped skip: checked=239 moved=1 (cumulative 66484 / 1109)
[resim-restore] scoped skip: checked=27 moved=0 (cumulative 66511 / 1109)
[resim-restore] scoped skip: checked=27 moved=0 (cumulative 66538 / 1109)
[resim-restore] scoped skip: checked=27 moved=0 (cumulative 66565 / 1109)
[resim-restore] scoped skip: checked=237 moved=1 (cumulative 66802 / 1110)
[resim-restore] scoped skip: checked=27 moved=0 (cumulative 66829 / 1110)
[resim-restore] scoped skip: checked=27 moved=0 (cumulative 66856 / 1110)
[resim-restore] scoped skip: checked=27 moved=0 (cumulative 66883 / 1110)
[resim-restore] scoped skip: checked=240 moved=1 (cumulative 67123 / 1111)
[resim-restore] scoped skip: checked=27 moved=0 (cumulative 67150 / 1111)
[resim-restore] scoped skip: checked=27 moved=0 (cumulative 67177 / 1111)
[resim-restore] scoped skip: checked=27 moved=0 (cumulative 67204 / 1111)
[resim-restore] scoped skip: checked=239 moved=1 (cumulative 67443 / 1112)
[resim-restore] scoped skip: checked=27 moved=0 (cumulative 67470 / 1112)
[resim-restore] scoped skip: checked=27 moved=0 (cumulative 67497 / 1112)
[resim-restore] scoped skip: checked=27 moved=0 (cumulative 67524 / 1112)
[resim-restore] scoped skip: checked=242 moved=3 (cumulative 67766 / 1115)
[resim-restore] scoped skip: checked=27 moved=0 (cumulative 67793 / 1115)
[resim-restore] scoped skip: checked=27 moved=0 (cumulative 67820 / 1115)
[resim-restore] scoped skip: checked=27 moved=0 (cumulative 67847 / 1115)
[resim-restore] scoped skip: checked=248 moved=1 (cumulative 68095 / 1116)
[resim-restore] scoped skip: checked=27 moved=0 (cumulative 68122 / 1116)
[resim-restore] scoped skip: checked=27 moved=0 (cumulative 68149 / 1116)
[resim-restore] scoped skip: checked=27 moved=0 (cumulative 68176 / 1116)
[resim-restore] scoped skip: checked=245 moved=1 (cumulative 68421 / 1117)
[resim-restore] scoped skip: checked=27 moved=0 (cumulative 68448 / 1117)
[resim-restore] scoped skip: checked=27 moved=0 (cumulative 68475 / 1117)
[resim-restore] scoped skip: checked=27 moved=0 (cumulative 68502 / 1117)
[resim-restore] scoped skip: checked=251 moved=2 (cumulative 68753 / 1119)
[resim-restore] scoped skip: checked=27 moved=0 (cumulative 68780 / 1119)
[resim-restore] scoped skip: checked=27 moved=0 (cumulative 68807 / 1119)
[resim-restore] scoped skip: checked=27 moved=0 (cumulative 68834 / 1119)
[resim-restore] scoped skip: checked=259 moved=1 (cumulative 69093 / 1120)
[resim-restore] scoped skip: checked=27 moved=0 (cumulative 69120 / 1120)
[resim-restore] scoped skip: checked=27 moved=0 (cumulative 69147 / 1120)
[resim-restore] scoped skip: checked=27 moved=0 (cumulative 69174 / 1120)
[resim-restore] scoped skip: checked=257 moved=1 (cumulative 69431 / 1121)
[resim-restore] scoped skip: checked=27 moved=0 (cumulative 69458 / 1121)
[resim-restore] scoped skip: checked=27 moved=0 (cumulative 69485 / 1121)
[resim-restore] scoped skip: checked=27 moved=0 (cumulative 69512 / 1121)
[resim-restore] scoped skip: checked=256 moved=0 (cumulative 69768 / 1121)
[resim-restore] scoped skip: checked=27 moved=0 (cumulative 69795 / 1121)
[resim-restore] scoped skip: checked=27 moved=0 (cumulative 69822 / 1121)
[resim-restore] scoped skip: checked=27 moved=0 (cumulative 69849 / 1121)
[resim-restore] scoped skip: checked=261 moved=1 (cumulative 70110 / 1122)
[resim-restore] scoped skip: checked=27 moved=0 (cumulative 70137 / 1122)
[resim-restore] scoped skip: checked=27 moved=0 (cumulative 70164 / 1122)
[resim-restore] scoped skip: checked=27 moved=0 (cumulative 70191 / 1122)
[resim-restore] scoped skip: checked=265 moved=1 (cumulative 70456 / 1123)
[resim-restore] scoped skip: checked=27 moved=0 (cumulative 70483 / 1123)
[resim-restore] scoped skip: checked=27 moved=0 (cumulative 70510 / 1123)
[resim-restore] scoped skip: checked=27 moved=0 (cumulative 70537 / 1123)
[resim-restore] scoped skip: checked=267 moved=2 (cumulative 70804 / 1125)
[resim-restore] scoped skip: checked=27 moved=0 (cumulative 70831 / 1125)
[resim-restore] scoped skip: checked=27 moved=0 (cumulative 70858 / 1125)
[resim-restore] scoped skip: checked=27 moved=0 (cumulative 70885 / 1125)
[resim-restore] scoped skip: checked=264 moved=2 (cumulative 71149 / 1127)
[resim-restore] scoped skip: checked=27 moved=0 (cumulative 71176 / 1127)
[resim-restore] scoped skip: checked=27 moved=0 (cumulative 71203 / 1127)
[resim-restore] scoped skip: checked=27 moved=0 (cumulative 71230 / 1127)
[resim-restore] scoped skip: checked=266 moved=2 (cumulative 71496 / 1129)
[resim-restore] scoped skip: checked=27 moved=0 (cumulative 71523 / 1129)
[resim-restore] scoped skip: checked=27 moved=0 (cumulative 71550 / 1129)
[resim-restore] scoped skip: checked=27 moved=0 (cumulative 71577 / 1129)
[resim-restore] scoped skip: checked=275 moved=0 (cumulative 71852 / 1129)
[resim-restore] scoped skip: checked=27 moved=0 (cumulative 71879 / 1129)
[resim-restore] scoped skip: checked=27 moved=0 (cumulative 71906 / 1129)
[resim-restore] scoped skip: checked=27 moved=0 (cumulative 71933 / 1129)
[resim-restore] scoped skip: checked=278 moved=0 (cumulative 72211 / 1129)
[resim-restore] scoped skip: checked=27 moved=0 (cumulative 72238 / 1129)
[resim-restore] scoped skip: checked=27 moved=0 (cumulative 72265 / 1129)
[resim-restore] scoped skip: checked=27 moved=0 (cumulative 72292 / 1129)
[resim-restore] scoped skip: checked=273 moved=1 (cumulative 72565 / 1130)
[resim-restore] scoped skip: checked=27 moved=0 (cumulative 72592 / 1130)
[resim-restore] scoped skip: checked=27 moved=0 (cumulative 72619 / 1130)
[resim-restore] scoped skip: checked=27 moved=0 (cumulative 72646 / 1130)
[resim-restore] scoped skip: checked=275 moved=1 (cumulative 72921 / 1131)
[resim-restore] scoped skip: checked=27 moved=0 (cumulative 72948 / 1131)
[resim-restore] scoped skip: checked=27 moved=0 (cumulative 72975 / 1131)
[resim-restore] scoped skip: checked=27 moved=0 (cumulative 73002 / 1131)
[resim-restore] scoped skip: checked=283 moved=1 (cumulative 73285 / 1132)
[resim-restore] scoped skip: checked=27 moved=0 (cumulative 73312 / 1132)
[resim-restore] scoped skip: checked=27 moved=0 (cumulative 73339 / 1132)
[resim-restore] scoped skip: checked=27 moved=0 (cumulative 73366 / 1132)
[resim-restore] scoped skip: checked=284 moved=1 (cumulative 73650 / 1133)
[resim-restore] scoped skip: checked=27 moved=0 (cumulative 73677 / 1133)
[resim-restore] scoped skip: checked=27 moved=0 (cumulative 73704 / 1133)
[resim-restore] scoped skip: checked=27 moved=0 (cumulative 73731 / 1133)
[drain-parallel] ticks=1200 calls=1108628 mismatches=0
[resim-restore] scoped skip: checked=292 moved=1 (cumulative 74023 / 1134)
[resim-restore] scoped skip: checked=27 moved=0 (cumulative 74050 / 1134)
[resim-restore] scoped skip: checked=27 moved=0 (cumulative 74077 / 1134)
[resim-restore] scoped skip: checked=27 moved=0 (cumulative 74104 / 1134)
[resim-restore] scoped skip: checked=300 moved=1 (cumulative 74404 / 1135)
[resim-restore] scoped skip: checked=27 moved=0 (cumulative 74431 / 1135)
[resim-restore] scoped skip: checked=27 moved=0 (cumulative 74458 / 1135)
[resim-restore] scoped skip: checked=27 moved=0 (cumulative 74485 / 1135)
[resim-restore] scoped skip: checked=303 moved=0 (cumulative 74788 / 1135)
[resim-restore] scoped skip: checked=27 moved=0 (cumulative 74815 / 1135)
[resim-restore] scoped skip: checked=27 moved=0 (cumulative 74842 / 1135)
[resim-restore] scoped skip: checked=27 moved=0 (cumulative 74869 / 1135)
[resim-restore] scoped skip: checked=308 moved=1 (cumulative 75177 / 1136)
[resim-restore] scoped skip: checked=27 moved=0 (cumulative 75204 / 1136)
[resim-restore] scoped skip: checked=27 moved=0 (cumulative 75231 / 1136)
[resim-restore] scoped skip: checked=27 moved=0 (cumulative 75258 / 1136)
[resim-restore] scoped skip: checked=309 moved=1 (cumulative 75567 / 1137)
[resim-restore] scoped skip: checked=27 moved=0 (cumulative 75594 / 1137)
[resim-restore] scoped skip: checked=27 moved=0 (cumulative 75621 / 1137)
[resim-restore] scoped skip: checked=27 moved=0 (cumulative 75648 / 1137)
[resim-restore] scoped skip: checked=308 moved=3 (cumulative 75956 / 1140)
[resim-restore] scoped skip: checked=27 moved=0 (cumulative 75983 / 1140)
[resim-restore] scoped skip: checked=27 moved=0 (cumulative 76010 / 1140)
[resim-restore] scoped skip: checked=27 moved=0 (cumulative 76037 / 1140)
[resim-restore] scoped skip: checked=315 moved=2 (cumulative 76352 / 1142)
[resim-restore] scoped skip: checked=27 moved=0 (cumulative 76379 / 1142)
[resim-restore] scoped skip: checked=27 moved=0 (cumulative 76406 / 1142)
[resim-restore] scoped skip: checked=27 moved=0 (cumulative 76433 / 1142)
[resim-restore] scoped skip: checked=314 moved=3 (cumulative 76747 / 1145)
[resim-restore] scoped skip: checked=27 moved=0 (cumulative 76774 / 1145)
[resim-restore] scoped skip: checked=27 moved=0 (cumulative 76801 / 1145)
[resim-restore] scoped skip: checked=27 moved=0 (cumulative 76828 / 1145)
[resim-restore] scoped skip: checked=308 moved=1 (cumulative 77136 / 1146)
[resim-restore] scoped skip: checked=27 moved=0 (cumulative 77163 / 1146)
[resim-restore] scoped skip: checked=27 moved=0 (cumulative 77190 / 1146)
[resim-restore] scoped skip: checked=27 moved=0 (cumulative 77217 / 1146)
  ccd tracked 0 / identity stamped 2705 against 2705 live bodies
  resim: 900 captures, 432 re-passes
  resim diag: captures=900 zero=0 not_needed=0 errors=0 first_error=None

wrote /dev/null
  ticks 900  chunks 86966  bonds 267992
  broken bonds 8834 (adapter 8834)
  migrations 72567  peak bodies 2368  membership mismatches 0
wrote /dev/null.sidecar.json
